codigo_region,region,edificio_id,nombre_comuna,setpoint_c,wall_u_multiplier,window_u_multiplier,infiltration_multiplier,heating_demand_kwh,redpe_mid_m3st_per_consumer,simulated_wood_volume_stere,relative_volume_error,assigned_fuel_energy_kwh,unallocated_fuel_energy_kwh,unmet_heating_energy_kwh,storage_spill_energy_kwh,wood_mass_kg,event_count,selection_score,u_wall_1,u_window,n_air_infiltration,thermal_zone,model_persons,model_area_m2
12,Magallanes,2577343,Natales,22.0,1.0,1.0,1.0,19725.995518649404,23.345,14.125714285714286,-0.394914787504207,26368.0,17212.0,6547.549436810647,0.0,6328.320000000001,1648,0.4249632016244945,0.5825,4.033895857539418,0.8,I,3,76.0
12,Magallanes,2577343,Natales,22.0,1.0,1.0,1.5,22774.940310761733,23.345,15.882857142857143,-0.3196462992993299,29648.0,13932.0,7954.835209794117,0.0,7115.52,1853,0.3561531153149064,0.5825,4.033895857539418,1.2000000000000002,I,3,76.0
12,Magallanes,2577343,Natales,22.0,1.0,1.0,2.0,25825.03467207252,23.345,17.305714285714288,-0.25869718202123415,32304.0,11276.0,9675.114806568949,0.0,7752.960000000001,2019,0.3030988103212293,0.5825,4.033895857539418,1.6,I,3,76.0
12,Magallanes,2577343,Natales,22.0,1.0,1.5,1.0,22058.862882069774,23.345,15.548571428571428,-0.3339656702261114,29024.0,14556.0,7551.0185038087175,0.0,6965.76,1814,0.36861926592968514,0.5825,6.050843786309128,0.8,I,3,76.0
12,Magallanes,2577343,Natales,22.0,1.0,1.5,1.5,25062.479011256397,23.345,16.911428571428573,-0.2755866964476944,31568.0,12012.0,9280.866575853126,0.0,7576.320000000001,1973,0.3181790166673049,0.5825,6.050843786309128,1.2000000000000002,I,3,76.0
12,Magallanes,2577343,Natales,22.0,1.0,1.5,2.0,28066.998702184417,23.345,18.36,-0.21353608909830799,34272.0,9308.0,10939.271408611748,0.0,8225.28,2142,0.2637392621529741,0.5825,6.050843786309128,1.6,I,3,76.0
12,Magallanes,2577343,Natales,22.0,1.0,2.0,1.0,24327.152617689335,23.345,16.68,-0.28550010708931245,31136.0,12444.0,8761.82299891642,0.0,7472.64,1946,0.3257104007970519,0.5825,8.067791715078837,0.8,I,3,76.0
12,Magallanes,2577343,Natales,22.0,1.0,2.0,1.5,27286.452534558848,23.345,18.085714285714285,-0.22528531652541073,33760.0,9820.0,10415.044329555003,0.0,8102.4,2110,0.2730826746234144,0.5825,8.067791715078837,1.2000000000000002,I,3,76.0
12,Magallanes,2577343,Natales,22.0,1.0,2.0,2.0,30246.555771430947,23.345,19.165714285714287,-0.17902273353119347,35776.0,7804.0,12364.732820725436,0.0,8586.24,2236,0.23576772123530285,0.5825,8.067791715078837,1.6,I,3,76.0
12,Magallanes,2577343,Natales,22.0,1.5,1.0,1.0,21665.579674103366,23.345,15.19714285714286,-0.34901936786708676,28368.0,15212.0,7486.752056842032,0.0,6808.320000000001,1773,0.3833780280637,0.87375,4.033895857539418,0.8,I,3,76.0
12,Magallanes,2577343,Natales,22.0,1.5,1.0,1.5,24642.627048978422,23.345,16.697142857142858,-0.2847657803751185,31168.0,12412.0,9062.145989267954,0.0,7480.320000000001,1948,0.32635433470861075,0.87375,4.033895857539418,1.2000000000000002,I,3,76.0
12,Magallanes,2577343,Natales,22.0,1.5,1.0,2.0,27620.704920623255,23.345,18.025714285714287,-0.2278554600250894,33648.0,9932.0,10798.466107491124,0.0,8075.52,2103,0.2774124407845714,0.87375,4.033895857539418,1.6,I,3,76.0
12,Magallanes,2577343,Natales,22.0,1.5,1.5,1.0,23922.957134128912,23.345,16.388571428571428,-0.29798366123060915,30592.0,12988.0,8630.73862729745,0.0,7342.08,1912,0.3375923745270637,0.87375,6.050843786309128,0.8,I,3,76.0
12,Magallanes,2577343,Natales,22.0,1.5,1.5,1.5,26856.57822290581,23.345,17.717142857142857,-0.24107334088058008,33072.0,10508.0,10322.64847038107,0.0,7937.28,2067,0.28844667025360016,0.87375,6.050843786309128,1.2000000000000002,I,3,76.0
12,Magallanes,2577343,Natales,22.0,1.5,1.5,2.0,29791.054358095185,23.345,18.84857142857143,-0.19260777774378113,35184.0,8396.0,12207.088664372466,0.0,8444.16,2199,0.2486292952489324,0.87375,6.050843786309128,1.6,I,3,76.0
12,Magallanes,2577343,Natales,22.0,1.5,2.0,1.0,26119.014371833775,23.345,17.425714285714285,-0.2535568950218768,32528.0,11052.0,9857.368142653491,0.0,7806.72,2033,0.2987949314727877,0.87375,8.067791715078837,0.8,I,3,76.0
12,Magallanes,2577343,Natales,22.0,1.5,2.0,1.5,29010.22097402974,23.345,18.642857142857142,-0.20141969831410825,34800.0,8780.0,11618.575514847138,0.0,8352.0,2175,0.25474037529826216,0.87375,8.067791715078837,1.2000000000000002,I,3,76.0
12,Magallanes,2577343,Natales,22.0,1.5,2.0,2.0,31902.27431364917,23.345,19.62857142857143,-0.15919591224795757,36640.0,6940.0,13588.294440119058,0.0,8793.6,2290,0.22155614373083532,0.87375,8.067791715078837,1.6,I,3,76.0
12,Magallanes,2577343,Natales,22.0,2.0,1.0,1.0,23524.575511620464,23.345,16.08,-0.31120154208609985,30016.0,13564.0,8521.394993630607,0.0,7203.84,1876,0.3503084488948681,1.165,4.033895857539418,0.8,I,3,76.0
12,Magallanes,2577343,Natales,22.0,2.0,1.0,1.5,26432.90217207366,23.345,17.4,-0.25465838509316774,32480.0,11100.0,10196.080916896924,0.0,7795.2,2030,0.30145086291279566,1.165,4.033895857539418,1.2000000000000002,I,3,76.0
12,Magallanes,2577343,Natales,22.0,2.0,1.0,2.0,29342.120840903863,23.345,18.625714285714285,-0.20215402502830218,34768.0,8812.0,11959.600127878753,0.0,8344.32,2173,0.25703975301306015,1.165,4.033895857539418,1.6,I,3,76.0
12,Magallanes,2577343,Natales,22.0,2.0,1.5,1.0,25710.778773852468,23.345,17.125714285714285,-0.2664076125202705,31968.0,11612.0,9730.221390067243,0.0,7672.320000000001,1998,0.3110621393218641,1.165,6.050843786309128,0.8,I,3,76.0
12,Magallanes,2577343,Natales,22.0,2.0,1.5,1.5,28577.451950804112,23.345,18.377142857142857,-0.21280176238411402,34304.0,9276.0,11427.241275736695,0.0,8232.960000000001,2144,0.26524435658207957,1.165,6.050843786309128,1.2000000000000002,I,3,76.0
12,Magallanes,2577343,Natales,22.0,2.0,1.5,2.0,31444.93008722604,23.345,19.345714285714283,-0.17131230303215744,36112.0,7468.0,13396.770048644697,0.0,8666.88,2257,0.2327935790699945,1.165,6.050843786309128,1.6,I,3,76.0
12,Magallanes,2577343,Natales,22.0,2.0,2.0,1.0,27838.666477907307,23.345,18.068571428571428,-0.2260196432396047,33728.0,9852.0,10976.723383929004,0.0,8094.72,2108,0.276394693188797,1.165,8.067791715078837,0.8,I,3,76.0
12,Magallanes,2577343,Natales,22.0,2.0,2.0,1.5,30664.748427210772,23.345,19.08857142857143,-0.1823272037450661,35632.0,7948.0,12856.90414270858,0.0,8551.68,2227,0.24133089416594072,1.165,8.067791715078837,1.2000000000000002,I,3,76.0
12,Magallanes,2577343,Natales,22.0,2.0,2.0,2.0,33491.57719397157,23.345,20.15142857142857,-0.13679894746504295,37616.0,5964.0,14689.493668980429,0.0,9027.84,2351,0.20421286976417297,1.165,8.067791715078837,1.6,I,3,76.0
12,Magallanes,2577343,Natales,24.0,1.0,1.0,1.0,20457.56904886246,23.345,14.562857142857144,-0.37618945629226197,27184.0,16396.0,6871.1229670237,0.0,6524.160000000001,1699,0.40772283383711605,0.5825,4.033895857539418,0.8,I,3,76.0
12,Magallanes,2577343,Natales,24.0,1.0,1.0,1.5,23599.976903479208,23.345,16.122857142857143,-0.30936572530061496,30096.0,13484.0,8555.871802511598,0.0,7223.04,1881,0.3486308551882313,0.5825,4.033895857539418,1.2000000000000002,I,3,76.0
12,Magallanes,2577343,Natales,24.0,1.0,1.0,2.0,26743.56525640252,23.345,17.442857142857143,-0.25282256830768285,32560.0,11020.0,10465.645390898942,0.0,7814.4,2035,0.3008521478895963,0.5825,4.033895857539418,1.6,I,3,76.0
12,Magallanes,2577343,Natales,24.0,1.0,1.5,1.0,22853.647366128098,23.345,15.865714285714285,-0.32038062601352385,29616.0,13964.0,8049.802987867043,0.0,7107.84,1851,0.357323273961514,0.5825,6.050843786309128,0.8,I,3,76.0
12,Magallanes,2577343,Natales,24.0,1.0,1.5,1.5,25949.409342668445,23.345,17.1,-0.26750910259156124,31920.0,11660.0,9991.796907265174,0.0,7660.8,1995,0.3133640677465184,0.5825,6.050843786309128,1.2000000000000002,I,3,76.0
12,Magallanes,2577343,Natales,24.0,1.0,1.5,2.0,29046.107708547996,23.345,18.377142857142857,-0.21280176238411402,34304.0,9276.0,11902.380414975329,0.0,8232.960000000001,2144,0.2674248941646341,0.5825,6.050843786309128,1.6,I,3,76.0
12,Magallanes,2577343,Natales,24.0,1.0,2.0,1.0,25183.36096410846,23.345,16.885714285714286,-0.27668818651898536,31520.0,12060.0,9426.031345335545,0.0,7564.8,1970,0.3199467057724757,0.5825,8.067791715078837,0.8,I,3,76.0
12,Magallanes,2577343,Natales,24.0,1.0,2.0,1.5,28233.562964479617,23.345,18.12857142857143,-0.22344949973992587,33840.0,9740.0,11322.154759475774,0.0,8121.6,2115,0.27540982447363754,0.5825,8.067791715078837,1.2000000000000002,I,3,76.0
12,Magallanes,2577343,Natales,24.0,1.0,2.0,2.0,31284.64472473591,23.345,19.165714285714287,-0.17902273353119347,35776.0,7804.0,13402.821774030395,0.0,8586.24,2236,0.24053178251710625,0.5825,8.067791715078837,1.6,I,3,76.0
12,Magallanes,2577343,Natales,24.0,1.5,1.0,1.0,22450.992962420958,23.345,15.53142857142857,-0.3346999969403054,28992.0,14588.0,7960.165345159623,0.0,6958.08,1812,0.3712312743389269,0.87375,4.033895857539418,0.8,I,3,76.0
12,Magallanes,2577343,Natales,24.0,1.5,1.0,1.5,25519.3731612977,23.345,16.885714285714286,-0.27668818651898536,31520.0,12060.0,9762.892101587231,0.0,7564.8,1970,0.321492647747013,0.87375,4.033895857539418,1.2000000000000002,I,3,76.0
12,Magallanes,2577343,Natales,24.0,1.5,1.0,2.0,28588.82195907187,23.345,18.077142857142857,-0.22565247988250772,33744.0,9836.0,11718.583145939738,0.0,8098.56,2109,0.2794321180006341,0.87375,4.033895857539418,1.6,I,3,76.0
12,Magallanes,2577343,Natales,24.0,1.5,1.5,1.0,24769.38738902981,23.345,16.60285714285714,-0.28880457730318526,30992.0,12588.0,9277.168882198352,0.0,7438.08,1937,0.3313799278410391,0.87375,6.050843786309128,0.8,I,3,76.0
12,Magallanes,2577343,Natales,24.0,1.5,1.5,1.5,27793.125071756356,23.345,17.802857142857142,-0.23740170730961047,33232.0,10348.0,11179.195319231614,0.0,7975.679999999999,2077,0.288705953841192,0.87375,6.050843786309128,1.2000000000000002,I,3,76.0
12,Magallanes,2577343,Natales,24.0,1.5,1.5,2.0,30817.782237279753,23.345,18.84857142857143,-0.19260777774378113,35184.0,8396.0,13233.816543557035,0.0,8444.16,2199,0.2533412175948919,0.87375,6.050843786309128,1.6,I,3,76.0
12,Magallanes,2577343,Natales,24.0,1.5,2.0,1.0,27024.8489409923,23.345,17.545714285714283,-0.24841660802251944,32752.0,10828.0,10651.202711812015,0.0,7860.48,2047,0.2972977586044929,0.87375,8.067791715078837,0.8,I,3,76.0
12,Magallanes,2577343,Natales,24.0,1.5,2.0,1.5,30004.96988721732,23.345,18.65142857142857,-0.20105253495701125,34816.0,8764.0,12605.324428034719,0.0,8355.84,2176,0.25890166037249873,0.87375,8.067791715078837,1.2000000000000002,I,3,76.0
12,Magallanes,2577343,Natales,24.0,1.5,2.0,2.0,32986.02506732931,23.345,19.62857142857143,-0.15919591224795757,36640.0,6940.0,14672.0451937992,0.0,8793.6,2290,0.22652975893817878,0.87375,8.067791715078837,1.6,I,3,76.0
12,Magallanes,2577343,Natales,24.0,2.0,1.0,1.0,24361.395306797072,23.345,16.302857142857142,-0.30165529480157877,30432.0,13148.0,9150.214788807218,0.0,7303.679999999999,1902,0.34364801985347054,1.165,4.033895857539418,0.8,I,3,76.0
12,Magallanes,2577343,Natales,24.0,2.0,1.0,1.5,27359.06650783399,23.345,17.494285714285713,-0.25061958816510116,32656.0,10924.0,11034.245252657247,0.0,7837.4400000000005,2041,0.30125862099051304,1.165,4.033895857539418,1.2000000000000002,I,3,76.0
12,Magallanes,2577343,Natales,24.0,2.0,1.0,2.0,30357.682866174004,23.345,18.634285714285713,-0.20178686167120521,34784.0,8796.0,12967.162153148893,0.0,8348.16,2174,0.26129655489354986,1.165,4.033895857539418,1.6,I,3,76.0
12,Magallanes,2577343,Natales,24.0,2.0,1.5,1.0,26606.630583908896,23.345,17.254285714285714,-0.260900162163816,32208.0,11372.0,10506.073200123668,0.0,7729.92,2013,0.3091152755191334,1.165,6.050843786309128,0.8,I,3,76.0
12,Magallanes,2577343,Natales,24.0,2.0,1.5,1.5,29561.456946136874,23.345,18.402857142857144,-0.2117002723128231,34352.0,9228.0,12387.246271069456,0.0,8244.48,2147,0.268548580119475,1.165,6.050843786309128,1.2000000000000002,I,3,76.0
12,Magallanes,2577343,Natales,24.0,2.0,1.5,2.0,32517.182586424213,23.345,19.345714285714283,-0.17131230303215744,36112.0,7468.0,14469.022547842871,0.0,8666.88,2257,0.23771442578499302,1.165,6.050843786309128,1.6,I,3,76.0
12,Magallanes,2577343,Natales,24.0,2.0,2.0,1.0,28791.964791114016,23.345,18.111428571428572,-0.2241838264541198,33808.0,9772.0,11890.021697135715,0.0,8113.92,2113,0.27875024085125477,1.165,8.067791715078837,0.8,I,3,76.0
12,Magallanes,2577343,Natales,24.0,2.0,2.0,1.5,31705.108766647198,23.345,19.08857142857143,-0.1823272037450661,35632.0,7948.0,13897.264482145003,0.0,8551.68,2227,0.24610537943182612,1.165,8.067791715078837,1.2000000000000002,I,3,76.0
12,Magallanes,2577343,Natales,24.0,2.0,2.0,2.0,34619.00834336381,23.345,20.15142857142857,-0.13679894746504295,37616.0,5964.0,15816.924818372661,0.0,9027.84,2351,0.20938694571365546,1.165,8.067791715078837,1.6,I,3,76.0
14,Los Rios,2334311,Corral,22.0,1.0,1.0,1.0,8128.400605123327,14.16,8.297142857142859,-0.41404358353510884,15488.0,10942.0,1858.0142721926343,770.4880356351659,3717.1200000000003,484,0.4281034720874557,0.7045,6.248714153442176,0.6,G,4,56.0
14,Los Rios,2334311,Corral,22.0,1.0,1.0,1.5,9196.224609132823,14.16,9.102857142857143,-0.35714285714285715,16992.0,9438.0,2209.6919998800445,824.5541700899564,4078.0800000000004,531,0.373863946812778,0.7045,6.248714153442176,0.8999999999999999,G,4,56.0
14,Los Rios,2334311,Corral,22.0,1.0,1.0,2.0,10274.839991163293,14.16,9.737142857142857,-0.3123486682808717,18176.0,8254.0,2725.1012700878487,873.0018298658458,4362.24,568,0.33296994160730264,0.7045,6.248714153442176,1.2,G,4,56.0
14,Los Rios,2334311,Corral,22.0,1.0,1.5,1.0,10222.262444270153,14.16,9.805714285714288,-0.307506053268765,18304.0,8126.0,2622.788417498069,885.4246931679347,4392.960000000001,572,0.32735310901979087,0.7045,9.373071230163264,0.6,G,4,56.0
14,Los Rios,2334311,Corral,22.0,1.0,1.5,1.5,11279.93477676438,14.16,10.577142857142858,-0.2530266343825665,19744.0,6686.0,3076.7553989479184,1014.2266585204098,4738.56,617,0.27630893025050385,0.7045,9.373071230163264,0.8999999999999999,G,4,56.0
14,Los Rios,2334311,Corral,22.0,1.0,1.5,2.0,12342.896024447336,14.16,11.228571428571428,-0.20702179176755456,20960.0,5470.0,3587.4849461218078,1078.7604375112116,5030.4,655,0.2341688590859186,0.7045,9.373071230163264,1.2,G,4,56.0
14,Los Rios,2334311,Corral,22.0,1.0,2.0,1.0,12250.581143076164,14.16,11.211428571428572,-0.2082324455205811,20928.0,5502.0,3504.0830708282074,1073.4865399798832,5022.72,654,0.23474839762673477,0.7045,12.497428306884352,0.6,G,4,56.0
14,Los Rios,2334311,Corral,22.0,1.0,2.0,1.5,13289.501072601935,14.16,12.0,-0.15254237288135594,22400.0,4030.0,3907.6544023990464,1186.2905046552523,5376.0,700,0.18211221323246488,0.7045,12.497428306884352,0.8999999999999999,G,4,56.0
14,Los Rios,2334311,Corral,22.0,1.0,2.0,2.0,14331.881267426292,14.16,12.72,-0.10169491525423725,23744.0,2686.0,4326.841827113556,1255.3196324509831,5698.56,742,0.13443681330276966,0.7045,12.497428306884352,1.2,G,4,56.0
14,Los Rios,2334311,Corral,22.0,1.5,1.0,1.0,9284.797260036841,14.16,9.068571428571428,-0.3595641646489105,16928.0,9502.0,2341.782907641548,835.0488346523783,4062.7200000000003,529,0.37728480715849466,1.05675,6.248714153442176,0.6,G,4,56.0
14,Los Rios,2334311,Corral,22.0,1.5,1.0,1.5,10324.130336220933,14.16,9.72,-0.31355932203389825,18144.0,8286.0,2796.38804970046,876.679073274873,4354.56,567,0.3347200337228915,1.05675,6.248714153442176,0.8999999999999999,G,4,56.0
14,Los Rios,2334311,Corral,22.0,1.5,1.0,2.0,11371.185057022392,14.16,10.388571428571428,-0.2663438256658596,19392.0,7038.0,3310.54919818351,976.7297983324578,4654.08,606,0.29139527627640455,1.05675,6.248714153442176,1.2,G,4,56.0
14,Los Rios,2334311,Corral,22.0,1.5,1.5,1.0,11299.297688374107,14.16,10.422857142857143,-0.2639225181598063,19456.0,6974.0,3208.791103972658,982.6589583739507,4669.4400000000005,608,0.2882039491395464,1.05675,9.373071230163264,0.6,G,4,56.0
14,Los Rios,2334311,Corral,22.0,1.5,1.5,1.5,12325.414025736856,14.16,11.108571428571429,-0.21549636803874092,20736.0,5694.0,3654.677786592758,1048.4217503480936,4976.64,648,0.24315189423316208,1.05675,9.373071230163264,0.8999999999999999,G,4,56.0
14,Los Rios,2334311,Corral,22.0,1.5,1.5,2.0,13355.52247458774,14.16,11.845714285714285,-0.16343825665859568,22112.0,4318.0,4082.3476927546685,1147.6660122055737,5306.88,691,0.1943300288322973,1.05675,9.373071230163264,1.2,G,4,56.0
14,Los Rios,2334311,Corral,22.0,1.5,2.0,1.0,13246.984212889127,14.16,11.82857142857143,-0.16464891041162225,22080.0,4350.0,3987.2914828942344,1146.1416924810528,5299.2,690,0.19482137717586162,1.05675,12.497428306884352,0.6,G,4,56.0
14,Los Rios,2334311,Corral,22.0,1.5,2.0,1.5,14254.49298065728,14.16,12.548571428571428,-0.11380145278450368,23424.0,3006.0,4387.186003218607,1226.4277045794056,5621.76,732,0.14699998478010418,1.05675,12.497428306884352,0.8999999999999999,G,4,56.0
14,Los Rios,2334311,Corral,22.0,1.5,2.0,2.0,15264.500576221822,14.16,13.165714285714285,-0.07021791767554482,24576.0,1854.0,4844.491585454301,1265.9404678537126,5898.240000000001,768,0.10687695350947823,1.05675,12.497428306884352,1.2,G,4,56.0
14,Los Rios,2334311,Corral,22.0,2.0,1.0,1.0,10383.750686770434,14.16,9.72,-0.31355932203389825,18144.0,8286.0,2860.8220217661838,874.926416262053,4354.56,567,0.33520761580435743,1.409,6.248714153442176,0.6,G,4,56.0
14,Los Rios,2334311,Corral,22.0,2.0,1.0,1.5,11393.378346037214,14.16,10.285714285714285,-0.27360774818401945,19200.0,7230.0,3390.2268510101476,939.6066935061452,4608.0,600,0.2992621322249589,1.409,6.248714153442176,0.8999999999999999,G,4,56.0
14,Los Rios,2334311,Corral,22.0,2.0,1.0,2.0,12409.43537802018,14.16,11.005714285714287,-0.22276029055690064,20544.0,5886.0,3803.479581984343,1019.0875902853323,4930.56,642,0.25154182352689186,1.409,6.248714153442176,1.2,G,4,56.0
14,Los Rios,2334311,Corral,22.0,2.0,1.5,1.0,12320.612276229425,14.16,10.98857142857143,-0.2239709443099273,20512.0,5918.0,3724.5227099034514,1014.9579741567107,4922.88,641,0.2521549981116939,1.409,9.373071230163264,0.6,G,4,56.0
14,Los Rios,2334311,Corral,22.0,2.0,1.5,1.5,13315.756520907511,14.16,11.708571428571428,-0.17312348668280875,21856.0,4574.0,4151.095293310169,1122.914495119294,5245.4400000000005,683,0.20453548284860648,1.409,9.373071230163264,0.8999999999999999,G,4,56.0
14,Los Rios,2334311,Corral,22.0,2.0,1.5,2.0,14314.832908376324,14.16,12.377142857142859,-0.12590799031476985,23104.0,3326.0,4583.398914519689,1195.3649427985831,5544.960000000001,722,0.16059129651620527,1.409,9.373071230163264,1.2,G,4,56.0
14,Los Rios,2334311,Corral,22.0,2.0,2.0,1.0,14192.229902456085,14.16,12.411428571428573,-0.12348668280871662,23168.0,3262.0,4421.666556877694,1187.5618018476166,5560.320000000001,724,0.15694613462012558,1.409,12.497428306884352,0.6,G,4,56.0
14,Los Rios,2334311,Corral,22.0,2.0,2.0,1.5,15169.513496606918,14.16,12.959999999999999,-0.08474576271186449,24192.0,2238.0,4911.902749164248,1231.2971063519772,5806.08,756,0.12191490950841574,1.409,12.497428306884352,0.8999999999999999,G,4,56.0
14,Los Rios,2334311,Corral,22.0,2.0,2.0,2.0,16149.012814548847,14.16,13.525714285714285,-0.04479418886198554,25248.0,1182.0,5414.262338818806,1293.476805902046,6059.52,789,0.08576477031350885,1.409,12.497428306884352,1.2,G,4,56.0
14,Los Rios,2334311,Corral,24.0,1.0,1.0,1.0,8732.8290088013,14.16,8.914285714285713,-0.3704600484261502,16640.0,9790.0,1974.6860481402246,858.9927235317259,3993.6,520,0.3854028108032991,0.7045,6.248714153442176,0.6,G,4,56.0
14,Los Rios,2334311,Corral,24.0,1.0,1.0,1.5,9850.719507175641,14.16,9.6,-0.3220338983050848,17920.0,8510.0,2462.2111218166697,890.5816611957024,4300.8,560,0.3406658402030543,0.7045,6.248714153442176,0.8999999999999999,G,4,56.0
14,Los Rios,2334311,Corral,24.0,1.0,1.0,2.0,10979.395715834446,14.16,10.165714285714287,-0.2820823244552057,18976.0,7454.0,3088.49556861829,937.833073317451,4554.240000000001,593,0.305453460048231,0.7045,6.248714153442176,1.2,G,4,56.0
14,Los Rios,2334311,Corral,24.0,1.0,1.5,1.0,10909.690585877735,14.16,10.217142857142857,-0.2784503631961259,19072.0,7358.0,2981.2148652077244,946.5264742090151,4577.28,596,0.30100968869902206,0.7045,9.373071230163264,0.6,G,4,56.0
14,Los Rios,2334311,Corral,24.0,1.0,1.5,1.5,12016.05646656185,14.16,10.954285714285716,-0.22639225181598055,20448.0,5982.0,3502.193223104993,1064.751532526002,4907.52,639,0.25289390314481136,0.7045,9.373071230163264,0.8999999999999999,G,4,56.0
14,Los Rios,2334311,Corral,24.0,1.0,1.5,2.0,13127.649516949854,14.16,11.93142857142857,-0.15738498789346253,22272.0,4158.0,3821.6678443304836,1187.7300712319695,5345.28,696,0.18630415432804812,0.7045,9.373071230163264,1.2,G,4,56.0
14,Los Rios,2334311,Corral,24.0,1.0,2.0,1.0,13016.550763680681,14.16,11.742857142857144,-0.1707021791767554,21920.0,4510.0,3854.439704567581,1160.1434389400765,5260.8,685,0.1998693354731427,0.7045,12.497428306884352,0.6,G,4,56.0
14,Los Rios,2334311,Corral,24.0,1.0,2.0,1.5,14102.890345359041,14.16,12.668571428571429,-0.10532687651331717,23648.0,2782.0,4163.612470396749,1257.1497366603387,5675.52,739,0.1368335921425018,0.7045,12.497428306884352,0.8999999999999999,G,4,56.0
14,Los Rios,2334311,Corral,24.0,1.0,2.0,2.0,15192.69019233599,14.16,13.32,-0.05932203389830507,24864.0,1566.0,4669.377290986189,1302.8135752515332,5967.360000000001,777,0.094655952104784,0.7045,12.497428306884352,1.2,G,4,56.0
14,Los Rios,2334311,Corral,24.0,1.5,1.0,1.0,9942.586781851549,14.16,9.582857142857144,-0.3232445520581113,17888.0,8542.0,2577.2698378517093,896.7425805169694,4293.12,559,0.34274716150080303,1.05675,6.248714153442176,0.6,G,4,56.0
14,Los Rios,2334311,Corral,24.0,1.5,1.0,1.5,11030.373859027346,14.16,10.08,-0.288135593220339,18816.0,7614.0,3181.2069966532954,898.9810068699719,4515.84,588,0.3122082908870306,1.05675,6.248714153442176,0.8999999999999999,G,4,56.0
14,Los Rios,2334311,Corral,24.0,1.5,1.0,2.0,12125.985992858983,14.16,10.817142857142857,-0.23607748184019375,20192.0,6238.0,3701.752504883498,1021.0955950060319,4846.08,631,0.26408922989076883,1.05675,6.248714153442176,1.2,G,4,56.0
14,Los Rios,2334311,Corral,24.0,1.5,1.5,1.0,12036.225256301364,14.16,10.799999999999999,-0.23728813559322043,20160.0,6270.0,3621.761581905258,1019.4671220910301,4838.4,630,0.26469457964850046,1.05675,9.373071230163264,0.6,G,4,56.0
14,Los Rios,2334311,Corral,24.0,1.5,1.5,1.5,13109.671880102109,14.16,11.725714285714284,-0.1719128329297822,21888.0,4542.0,3954.700874663182,1145.2771071756094,5253.12,684,0.20183868139488387,1.05675,9.373071230163264,0.8999999999999999,G,4,56.0
14,Los Rios,2334311,Corral,24.0,1.5,1.5,2.0,14186.911090114516,14.16,12.582857142857142,-0.11138014527845044,23488.0,2942.0,4301.457613872931,1227.0017544675204,5637.12,734,0.14392995696118166,1.05675,9.373071230163264,1.2,G,4,56.0
14,Los Rios,2334311,Corral,24.0,1.5,2.0,1.0,14059.033779549856,14.16,12.497142857142858,-0.11743341404358347,23328.0,3102.0,4240.446709953733,1215.6523421157178,5598.72,729,0.14952154654417926,1.05675,12.497428306884352,0.6,G,4,56.0
14,Los Rios,2334311,Corral,24.0,1.5,2.0,1.5,15112.519885857,14.16,13.182857142857143,-0.06900726392251814,24608.0,1822.0,4709.768921199869,1288.1753681053838,5905.92,769,0.10464683199818874,1.05675,12.497428306884352,0.8999999999999999,G,4,56.0
14,Los Rios,2334311,Corral,24.0,1.5,2.0,2.0,16168.504819960533,14.16,13.748571428571429,-0.029055690072639195,25664.0,766.0,5268.753519328952,1336.2390906550945,6159.360000000001,802,0.0689251832192828,1.05675,12.497428306884352,1.2,G,4,56.0
14,Los Rios,2334311,Corral,24.0,2.0,1.0,1.0,11091.568086698486,14.16,10.097142857142858,-0.2869249394673123,18848.0,7582.0,3235.8774490645096,901.2428488314788,4523.52,589,0.31141133711441416,1.409,6.248714153442176,0.6,G,4,56.0
14,Los Rios,2334311,Corral,24.0,2.0,1.0,1.5,12148.20236513102,14.16,10.73142857142857,-0.24213075060532702,20032.0,6398.0,3771.5454150941537,989.1313694442771,4807.679999999999,626,0.27067063267187375,1.409,6.248714153442176,0.8999999999999999,G,4,56.0
14,Los Rios,2334311,Corral,24.0,2.0,1.0,2.0,13211.31923287524,14.16,11.64,-0.17796610169491522,21728.0,4702.0,4098.023914936361,1108.8273812830928,5214.72,679,0.20897649832704812,1.409,6.248714153442176,1.2,G,4,56.0
14,Los Rios,2334311,Corral,24.0,2.0,1.5,1.0,13104.03898939192,14.16,11.622857142857143,-0.1791767554479419,21696.0,4734.0,4016.517045992738,1120.216534973163,5207.04,678,0.2095703766813338,1.409,9.373071230163264,0.6,G,4,56.0
14,Los Rios,2334311,Corral,24.0,2.0,1.5,1.5,14145.140651207275,14.16,12.394285714285715,-0.1246973365617433,23136.0,3294.0,4412.898363629439,1199.7188606657674,5552.64,723,0.15809043806480375,1.409,9.373071230163264,0.8999999999999999,G,4,56.0
14,Los Rios,2334311,Corral,24.0,2.0,1.5,2.0,15190.0373931851,14.16,13.045714285714284,-0.07869249394673133,24352.0,2078.0,4896.831881443494,1262.6835210337053,5844.48,761,0.11574759709802528,1.409,9.373071230163264,1.2,G,4,56.0
14,Los Rios,2334311,Corral,24.0,2.0,2.0,1.0,15047.639027956975,14.16,13.062857142857146,-0.0774818401937044,24384.0,2046.0,4740.416209501342,1264.0098915920178,5852.160000000001,762,0.11335332115852725,1.409,12.497428306884352,0.6,G,4,56.0
14,Los Rios,2334311,Corral,24.0,2.0,2.0,1.5,16069.542795820294,14.16,13.611428571428572,-0.03874092009685226,25408.0,1022.0,5260.380512508308,1292.7271365553129,6097.92,794,0.07854705337349477,1.409,12.497428306884352,0.8999999999999999,G,4,56.0
14,Los Rios,2334311,Corral,24.0,2.0,2.0,2.0,17093.662287474704,14.16,14.158928571428572,-7.566585956416751e-05,26430.0,0.0,5841.4183071178995,1373.6693399084709,6343.2,826,0.04427860424108441,1.409,12.497428306884352,1.2,G,4,56.0
10,Los Lagos,2413153,Puerto Octay,22.0,1.0,1.0,1.0,7468.360688497753,16.1,10.594285714285716,-0.34196983141082515,19776.0,10269.0,2234.5926170120033,4647.957734042614,4746.240000000001,618,0.3568448030667546,0.7045,7.585651274818655,0.6,G,3,38.0
10,Los Lagos,2413153,Puerto Octay,22.0,1.0,1.0,1.5,8208.289537847593,16.1,11.280000000000001,-0.2993788819875776,21056.0,8989.0,2583.0184695790053,4897.25566349503,5053.4400000000005,658,0.3165732136206547,0.7045,7.585651274818655,0.8999999999999999,G,3,38.0
10,Los Lagos,2413153,Puerto Octay,22.0,1.0,1.0,2.0,8952.46528607195,16.1,11.88,-0.26211180124223604,22176.0,7869.0,2954.7488791699056,5085.839901261746,5322.240000000001,693,0.281780623869428,0.7045,7.585651274818655,1.2,G,3,38.0
10,Los Lagos,2413153,Puerto Octay,22.0,1.0,1.5,1.0,9525.123005634912,16.1,12.428571428571429,-0.22803904170363803,23200.0,6845.0,3215.066917170744,5287.0992987987765,5568.0,725,0.2494407186360444,0.7045,11.378476912227983,0.6,G,3,38.0
10,Los Lagos,2413153,Puerto Octay,22.0,1.0,1.5,1.5,10246.946334503258,16.1,13.14857142857143,-0.18331854480922805,24544.0,5501.0,3501.72355268647,5524.34604399216,5890.56,767,0.20662840370546015,0.7045,11.378476912227983,0.8999999999999999,G,3,38.0
10,Los Lagos,2413153,Puerto Octay,22.0,1.0,1.5,2.0,10970.68798071353,16.1,14.022857142857145,-0.12901508429458736,26176.0,3869.0,3712.5326317659556,5828.492431272775,6282.240000000001,818,0.15372823211795866,0.7045,11.378476912227983,1.2,G,3,38.0
10,Los Lagos,2413153,Puerto Octay,22.0,1.0,2.0,1.0,11468.7151002492,16.1,14.502857142857142,-0.09920141969831425,27072.0,2973.0,3904.3598636873016,5971.547283544158,6497.28,846,0.12519150033527415,0.7045,15.17130254963731,0.6,G,3,38.0
10,Los Lagos,2413153,Puerto Octay,22.0,1.0,2.0,1.5,12168.51839904298,16.1,14.94857142857143,-0.07151730257320317,27904.0,2141.0,4271.57212966849,6055.053730625511,6696.960000000001,872,0.09995179836064527,0.7045,15.17130254963731,0.8999999999999999,G,3,38.0
10,Los Lagos,2413153,Puerto Octay,22.0,1.0,2.0,2.0,12869.36826349583,16.1,15.548571428571428,-0.0342502218278617,29024.0,1021.0,4573.318362752686,6209.384273511367,6965.76,907,0.06469334622628198,0.7045,15.17130254963731,1.2,G,3,38.0
10,Los Lagos,2413153,Puerto Octay,22.0,1.5,1.0,1.0,8430.539029131976,16.1,11.34857142857143,-0.2951197870452528,21184.0,8861.0,2725.01060555877,4881.107662241797,5084.160000000001,662,0.3132593151235272,1.05675,7.585651274818655,0.6,G,3,38.0
10,Los Lagos,2413153,Puerto Octay,22.0,1.5,1.0,1.5,9144.51315014043,16.1,11.914285714285715,-0.2599822537710737,22240.0,7805.0,3095.0146523497046,5066.18649924099,5337.6,695,0.2805847809959012,1.05675,7.585651274818655,0.8999999999999999,G,3,38.0
10,Los Lagos,2413153,Puerto Octay,22.0,1.5,1.0,2.0,9861.413038273247,16.1,12.445714285714285,-0.22697426796805692,23232.0,6813.0,3475.0058950563125,5226.227874019486,5575.679999999999,726,0.25010627592316637,1.05675,7.585651274818655,1.2,G,3,38.0
10,Los Lagos,2413153,Puerto Octay,22.0,1.5,1.5,1.0,10390.745713177937,16.1,13.045714285714284,-0.18970718722271532,24352.0,5693.0,3660.6064753140945,5443.538024282355,5844.48,761,0.21407467915357964,1.05675,11.378476912227983,0.6,G,3,38.0
10,Los Lagos,2413153,Puerto Octay,22.0,1.5,1.5,1.5,11086.270621852364,16.1,13.902857142857142,-0.13646850044365585,25952.0,4093.0,3857.809972713706,5746.262851829361,6228.48,811,0.1621487132758323,1.05675,11.378476912227983,0.8999999999999999,G,3,38.0
10,Los Lagos,2413153,Puerto Octay,22.0,1.5,1.5,2.0,11783.475373972684,16.1,14.520000000000001,-0.09813664596273292,27104.0,2941.0,4115.638143669917,5883.347559427623,6504.960000000001,847,0.12553313884787132,1.05675,11.378476912227983,1.2,G,3,38.0
10,Los Lagos,2413153,Puerto Octay,22.0,1.5,2.0,1.0,12243.897821277116,16.1,14.828571428571427,-0.07897071872227167,27680.0,2365.0,4358.803866683956,5954.9060454068385,6643.2,865,0.10798588841229634,1.05675,15.17130254963731,0.6,G,3,38.0
10,Los Lagos,2413153,Puerto Octay,22.0,1.5,2.0,1.5,12918.351069473523,16.1,15.30857142857143,-0.049157054125998245,28576.0,1469.0,4711.976582065172,6075.092042123231,6858.240000000001,893,0.08052318214773346,1.05675,15.17130254963731,0.8999999999999999,G,3,38.0
10,Los Lagos,2413153,Puerto Octay,22.0,1.5,2.0,2.0,13594.067078636104,16.1,15.891428571428573,-0.012954747116237774,29664.0,381.0,4999.489710556154,6232.4263311451705,7119.360000000001,927,0.04623475850286552,1.05675,15.17130254963731,1.2,G,3,38.0
10,Los Lagos,2413153,Puerto Octay,22.0,2.0,1.0,1.0,9335.219403137291,16.1,11.982857142857144,-0.2557231588287489,22368.0,7677.0,3211.6830103904495,5056.2734020769585,5368.320000000001,699,0.2771023101710052,1.409,7.585651274818655,0.6,G,3,38.0
10,Los Lagos,2413153,Puerto Octay,22.0,2.0,1.0,1.5,10023.665997806678,16.1,12.497142857142858,-0.22377994676131321,23328.0,6717.0,3578.120025922507,5215.201781512695,5598.72,729,0.2475983526586173,1.409,7.585651274818655,0.8999999999999999,G,3,38.0
10,Los Lagos,2413153,Puerto Octay,22.0,2.0,1.0,2.0,10714.615376224372,16.1,13.14857142857143,-0.18331854480922805,24544.0,5501.0,3869.323532688226,5424.5341985212735,5890.56,767,0.2090753997447463,1.409,7.585651274818655,1.2,G,3,38.0
10,Los Lagos,2413153,Puerto Octay,22.0,2.0,1.5,1.0,11204.800974464782,16.1,13.765714285714287,-0.14498669032830525,25696.0,4349.0,4001.3691338215244,5643.362162766368,6167.04,803,0.1716225307930849,1.409,11.378476912227983,0.6,G,3,38.0
10,Los Lagos,2413153,Puerto Octay,22.0,2.0,1.5,1.5,11875.364393999158,16.1,14.34857142857143,-0.10878438331854477,26784.0,3261.0,4261.650310605734,5777.526015205559,6428.160000000001,837,0.13715283271515474,1.409,11.378476912227983,0.8999999999999999,G,3,38.0
10,Los Lagos,2413153,Puerto Octay,22.0,2.0,1.5,2.0,12547.563219171498,16.1,14.88,-0.07577639751552798,27776.0,2269.0,4580.060094445901,5920.496875274402,6666.240000000001,868,0.1062643994755606,1.409,11.378476912227983,1.2,G,3,38.0
10,Los Lagos,2413153,Puerto Octay,22.0,2.0,2.0,1.0,12974.316881461653,16.1,15.154285714285715,-0.05874001774622898,28288.0,1757.0,4817.991783359123,5981.1740505427815,6789.12,884,0.09081185521242384,1.409,15.17130254963731,0.6,G,3,38.0
10,Los Lagos,2413153,Puerto Octay,22.0,2.0,2.0,1.5,13625.055814671136,16.1,15.72,-0.023602484472049736,29344.0,701.0,5092.3977524991815,6134.404179260955,7042.56,917,0.05750095511607824,1.409,15.17130254963731,0.8999999999999999,G,3,38.0
10,Los Lagos,2413153,Puerto Octay,22.0,2.0,2.0,2.0,14276.735730637241,16.1,16.095535714285713,-0.00027728482697442555,30045.0,0.0,5466.2218760767555,6211.986145439513,7210.8,939,0.036664183652581055,1.409,15.17130254963731,1.2,G,3,38.0
10,Los Lagos,2413153,Puerto Octay,24.0,1.0,1.0,1.0,7948.12455470136,16.1,10.98857142857143,-0.31748003549245785,20512.0,9533.0,2449.39400818867,4750.995259015674,4922.88,641,0.3337848716261817,0.7045,7.585651274818655,0.6,G,3,38.0
10,Los Lagos,2413153,Puerto Octay,24.0,1.0,1.0,1.5,8720.771157811037,16.1,11.691428571428572,-0.27382431233362914,21824.0,8221.0,2808.069396751199,4993.824970703779,5237.76,682,0.29251673634262365,0.7045,7.585651274818655,0.8999999999999999,G,3,38.0
10,Los Lagos,2413153,Puerto Octay,24.0,1.0,1.0,2.0,9497.58121368166,16.1,12.428571428571429,-0.22803904170363803,23200.0,6845.0,3126.761875593045,5224.736970075176,5568.0,725,0.24885290008668376,0.7045,7.585651274818655,1.2,G,3,38.0
10,Los Lagos,2413153,Puerto Octay,24.0,1.0,1.5,1.0,10081.236063324739,16.1,13.01142857142857,-0.19183673469387766,24288.0,5757.0,3369.130780865968,5429.050104804172,5829.12,759,0.2142639657197786,0.7045,11.378476912227983,0.6,G,3,38.0
10,Los Lagos,2413153,Puerto Octay,24.0,1.0,1.5,1.5,10834.525489999032,16.1,13.594285714285716,-0.1556344276841171,25376.0,4669.0,3713.2552732420386,5564.2986090519535,6090.240000000001,793,0.18035238590173758,0.7045,11.378476912227983,0.8999999999999999,G,3,38.0
10,Los Lagos,2413153,Puerto Octay,24.0,1.0,1.5,2.0,11589.689474868122,16.1,14.468571428571428,-0.10133096716947661,27008.0,3037.0,3963.0244870984016,5875.982792450631,6481.92,844,0.1277115595282611,0.7045,11.378476912227983,1.2,G,3,38.0
10,Los Lagos,2413153,Puerto Octay,24.0,1.0,2.0,1.0,12095.749006961421,16.1,14.93142857142857,-0.07258207630878452,27872.0,2173.0,4163.593832021391,6003.747345166026,6689.28,871,0.10029779494430718,0.7045,15.17130254963731,0.6,G,3,38.0
10,Los Lagos,2413153,Puerto Octay,24.0,1.0,2.0,1.5,12825.849306665548,16.1,15.445714285714285,-0.040638864241348854,28832.0,1213.0,4527.855241264315,6118.005934598767,6919.679999999999,901,0.07077935511346944,0.7045,15.17130254963731,0.8999999999999999,G,3,38.0
10,Los Lagos,2413153,Puerto Octay,24.0,1.0,2.0,2.0,13557.021045135776,16.1,16.045714285714286,-0.0033717834960071526,29952.0,93.0,4845.4616023527515,6257.874731471485,7188.48,936,0.03562647880206641,0.7045,15.17130254963731,1.2,G,3,38.0
10,Los Lagos,2413153,Puerto Octay,24.0,1.5,1.0,1.0,8949.791372769441,16.1,11.811428571428573,-0.2663708961845607,22048.0,7997.0,2926.7178121858615,4995.562525231424,5291.52,689,0.2858531249226926,1.05675,7.585651274818655,0.6,G,3,38.0
10,Los Lagos,2413153,Puerto Octay,24.0,1.5,1.0,1.5,9695.359509916692,16.1,12.394285714285715,-0.23016858917480038,23136.0,6909.0,3309.6119954807164,5177.937482595741,5552.64,723,0.2521996225945422,1.05675,7.585651274818655,0.8999999999999999,G,3,38.0
10,Los Lagos,2413153,Puerto Octay,24.0,1.5,1.0,2.0,10443.713233092843,16.1,12.994285714285716,-0.1929015084294587,24256.0,5789.0,3645.2666509466853,5326.188435090263,5821.4400000000005,758,0.21716688803303125,1.05675,7.585651274818655,1.2,G,3,38.0
10,Los Lagos,2413153,Puerto Octay,24.0,1.5,1.5,1.0,10982.331138501608,16.1,13.559999999999999,-0.15776397515527965,25312.0,4733.0,3855.8623537864933,5527.208477431083,6074.88,791,0.18343122330829342,1.05675,11.378476912227983,0.6,G,3,38.0
10,Los Lagos,2413153,Puerto Octay,24.0,1.5,1.5,1.5,11708.111763797315,16.1,14.34857142857143,-0.10878438331854477,26784.0,3261.0,4094.7446701565545,5777.356407327255,6428.160000000001,837,0.1360417950020632,1.05675,11.378476912227983,0.8999999999999999,G,3,38.0
10,Los Lagos,2413153,Puerto Octay,24.0,1.5,1.5,2.0,12435.625152667259,16.1,14.965714285714288,-0.07045252883762194,27936.0,2109.0,4392.044553219647,5923.60419028278,6704.64,873,0.09968897119554937,1.05675,11.378476912227983,1.2,G,3,38.0
10,Los Lagos,2413153,Puerto Octay,24.0,1.5,2.0,1.0,12902.773548648047,16.1,15.222857142857142,-0.05448092280390428,28416.0,1629.0,4664.691478922436,5969.917930274387,6819.84,888,0.08553228894750511,1.05675,15.17130254963731,0.6,G,3,38.0
10,Los Lagos,2413153,Puerto Octay,24.0,1.5,2.0,1.5,13606.51089041666,16.1,15.874285714285712,-0.014019520851819225,29632.0,413.0,4956.060581421005,6159.016220535928,7111.679999999999,926,0.04701043835170943,1.05675,15.17130254963731,0.8999999999999999,G,3,38.0
10,Los Lagos,2413153,Puerto Octay,24.0,1.5,2.0,2.0,14311.47421034255,16.1,16.095535714285713,-0.00027728482697442555,30045.0,0.0,5443.851295050275,6154.877084707727,7210.8,939,0.03651526981649198,1.05675,15.17130254963731,1.2,G,3,38.0
10,Los Lagos,2413153,Puerto Octay,24.0,2.0,1.0,1.0,9891.122736778709,16.1,12.377142857142859,-0.2312333629103815,23104.0,6941.0,3462.5561700953585,5119.243228140449,5544.960000000001,722,0.254282497009868,1.409,7.585651274818655,0.6,G,3,38.0
10,Los Lagos,2413153,Puerto Octay,24.0,2.0,1.0,1.5,10610.089370544962,16.1,13.01142857142857,-0.19183673469387766,24288.0,5757.0,3781.028985566781,5311.687368418686,5829.12,759,0.2170058409382896,1.409,7.585651274818655,0.8999999999999999,G,3,38.0
10,Los Lagos,2413153,Puerto Octay,24.0,2.0,1.0,2.0,11331.407007128922,16.1,13.73142857142857,-0.1471162377994678,25632.0,4413.0,4042.4403590066477,5524.859393935143,6151.679999999999,801,0.17402547633504212,1.409,7.585651274818655,1.2,G,3,38.0
10,Los Lagos,2413153,Puerto Octay,24.0,2.0,1.5,1.0,11829.442087738293,16.1,14.280000000000001,-0.11304347826086958,26656.0,3389.0,4204.198173287739,5701.550088959072,6397.4400000000005,833,0.1410294870695748,1.409,11.378476912227983,0.6,G,3,38.0
10,Los Lagos,2413153,Puerto Octay,24.0,2.0,1.5,1.5,12529.21530002071,16.1,14.811428571428573,-0.08003549245785269,27648.0,2397.0,4530.207213788757,5824.232012367026,6635.52,864,0.11019163966230439,1.409,11.378476912227983,0.8999999999999999,G,3,38.0
10,Los Lagos,2413153,Puerto Octay,24.0,2.0,1.5,2.0,13230.623917941097,16.1,15.325714285714287,-0.04809228039041701,28608.0,1437.0,4883.642682976742,5957.018765035645,6865.92,894,0.08060113499502172,1.409,11.378476912227983,1.2,G,3,38.0
10,Los Lagos,2413153,Puerto Octay,24.0,2.0,2.0,1.0,13662.800334027032,16.1,15.685714285714285,-0.025732031943212195,29280.0,765.0,5078.664421385459,6049.36323600374,7027.2,915,0.05953908417410225,1.409,15.17130254963731,0.6,G,3,38.0
10,Los Lagos,2413153,Puerto Octay,24.0,2.0,2.0,1.5,14341.862404297453,16.1,16.095535714285713,-0.00027728482697442555,30045.0,0.0,5443.638903635512,6124.276499338058,7210.8,939,0.03651385599445994,1.409,15.17130254963731,0.8999999999999999,G,3,38.0
10,Los Lagos,2413153,Puerto Octay,24.0,2.0,2.0,2.0,15021.874538414457,16.1,16.095535714285713,-0.00027728482697442555,30045.0,0.0,6047.165401985579,6047.790863571121,7210.8,939,0.04053133975781536,1.409,15.17130254963731,1.2,G,3,38.0
9,Araucania,2073021,Victoria,22.0,1.0,1.0,1.0,7148.671452503904,11.055,9.291428571428572,-0.159527040124055,17344.0,3296.0,160.46071061118192,0.0,4162.56,542,0.16108189197106257,0.76,7.049500304663767,0.6,F,4,44.0
9,Araucania,2073021,Victoria,22.0,1.0,1.0,1.5,7924.770191950439,11.055,10.01142857142857,-0.09439813917425863,18688.0,1952.0,278.8958286351108,0.0,4485.12,584,0.09710061813390117,0.76,7.049500304663767,0.8999999999999999,F,4,44.0
9,Araucania,2073021,Victoria,22.0,1.0,1.0,2.0,8707.746124900876,11.055,10.662857142857144,-0.03547199069587119,19904.0,736.0,432.2729972224521,0.0,4776.960000000001,622,0.03966068252942208,0.76,7.049500304663767,1.2,F,4,44.0
9,Araucania,2073021,Victoria,22.0,1.0,1.5,1.0,9009.67652179224,11.055,10.98857142857143,-0.006008916456677557,20512.0,128.0,455.793679983191,0.0,4922.88,641,0.01042552188287127,0.76,10.574250456995651,0.6,F,4,44.0
9,Araucania,2073021,Victoria,22.0,1.0,1.5,1.5,9776.288555373456,11.055,11.057142857142859,0.00019383601473170516,20640.0,0.0,941.7557591881523,0.0,4953.6,645,0.009319376316942483,0.76,10.574250456995651,0.8999999999999999,F,4,44.0
9,Araucania,2073021,Victoria,22.0,1.0,1.5,2.0,10546.867194581473,11.055,11.057142857142859,0.00019383601473170516,20640.0,0.0,1579.1800363089437,0.0,4953.6,645,0.015495968149508292,0.76,10.574250456995651,1.2,F,4,44.0
9,Araucania,2073021,Victoria,22.0,1.0,2.0,1.0,10799.86639826712,11.055,11.057142857142859,0.00019383601473170516,20640.0,0.0,1780.0775464447856,0.0,4953.6,645,0.017442649449274202,0.76,14.099000609327534,0.6,F,4,44.0
9,Araucania,2073021,Victoria,22.0,1.0,2.0,1.5,11549.644715765933,11.055,11.057142857142859,0.00019383601473170516,20640.0,0.0,2422.326206686847,0.0,4953.6,645,0.023665989180301928,0.76,14.099000609327534,0.8999999999999999,F,4,44.0
9,Araucania,2073021,Victoria,22.0,1.0,2.0,2.0,12301.560781665643,11.055,11.057142857142859,0.00019383601473170516,20640.0,0.0,3130.7179109017834,0.0,4953.6,645,0.030530249880059066,0.76,14.099000609327534,1.2,F,4,44.0
9,Araucania,2073021,Victoria,22.0,1.5,1.0,1.0,8146.138042181364,11.055,10.14857142857143,-0.0819926342314401,18944.0,1696.0,348.13717224624617,0.0,4546.56,592,0.08536605644312853,1.1400000000000001,7.049500304663767,0.6,F,4,44.0
9,Araucania,2073021,Victoria,22.0,1.5,1.0,1.5,8898.375565559547,11.055,10.817142857142857,-0.02151579763520063,20192.0,448.0,473.2777948293608,0.0,4846.08,631,0.02610182277889599,1.1400000000000001,7.049500304663767,0.8999999999999999,F,4,44.0
9,Araucania,2073021,Victoria,22.0,1.5,1.0,2.0,9656.087185608469,11.055,11.057142857142859,0.00019383601473170516,20640.0,0.0,840.8025066589229,0.0,4953.6,645,0.00834114712576778,1.1400000000000001,7.049500304663767,1.2,F,4,44.0
9,Araucania,2073021,Victoria,22.0,1.5,1.5,1.0,9927.139184166355,11.055,11.057142857142859,0.00019383601473170516,20640.0,0.0,1058.0122392538533,0.0,4953.6,645,0.010445892596648888,1.1400000000000001,10.574250456995651,0.6,F,4,44.0
9,Araucania,2073021,Victoria,22.0,1.5,1.5,1.5,10667.614038386968,11.055,11.057142857142859,0.00019383601473170516,20640.0,0.0,1673.1093628642145,0.0,4953.6,645,0.01640613604248572,1.1400000000000001,10.574250456995651,0.8999999999999999,F,4,44.0
9,Araucania,2073021,Victoria,22.0,1.5,1.5,2.0,11411.455256964158,11.055,11.057142857142859,0.00019383601473170516,20640.0,0.0,2301.5211939912265,0.0,4953.6,645,0.02249539797201103,1.1400000000000001,10.574250456995651,1.2,F,4,44.0
9,Araucania,2073021,Victoria,22.0,1.5,2.0,1.0,11636.805086295713,11.055,11.057142857142859,0.00019383601473170516,20640.0,0.0,2507.217011139988,0.0,4953.6,645,0.02448857449477035,1.1400000000000001,14.099000609327534,0.6,F,4,44.0
9,Araucania,2073021,Victoria,22.0,1.5,2.0,1.5,12360.686864656513,11.055,11.057142857142859,0.00019383601473170516,20640.0,0.0,3177.0660058906915,0.0,4953.6,645,0.030979359327626004,1.1400000000000001,14.099000609327534,0.8999999999999999,F,4,44.0
9,Araucania,2073021,Victoria,22.0,1.5,2.0,2.0,13086.709927013388,11.055,11.057142857142859,0.00019383601473170516,20640.0,0.0,3859.9065570632956,0.0,4953.6,645,0.037596031335112474,1.1400000000000001,14.099000609327534,1.2,F,4,44.0
9,Araucania,2073021,Victoria,22.0,2.0,1.0,1.0,9090.737133646575,11.055,10.902857142857142,-0.013762357045939175,20352.0,288.0,549.3022812447994,0.0,4884.48,636,0.01908505356962909,1.52,7.049500304663767,0.6,F,4,44.0
9,Araucania,2073021,Victoria,22.0,2.0,1.0,1.5,9818.585900167132,11.055,11.057142857142859,0.00019383601473170516,20640.0,0.0,978.3727731683368,0.0,4953.6,645,0.009674192343882256,1.52,7.049500304663767,0.8999999999999999,F,4,44.0
9,Araucania,2073021,Victoria,22.0,2.0,1.0,2.0,10551.025853069883,11.055,11.057142857142859,0.00019383601473170516,20640.0,0.0,1594.8104608747801,0.0,4953.6,645,0.015647425751890428,1.52,7.049500304663767,1.2,F,4,44.0
9,Araucania,2073021,Victoria,22.0,2.0,1.5,1.0,10794.508084728093,11.055,11.057142857142859,0.00019383601473170516,20640.0,0.0,1790.4422635975252,0.0,4953.6,645,0.017543082755017803,1.52,10.574250456995651,0.6,F,4,44.0
9,Araucania,2073021,Victoria,22.0,2.0,1.5,1.5,11509.940163413698,11.055,11.057142857142859,0.00019383601473170516,20640.0,0.0,2386.284366658919,0.0,4953.6,645,0.023316746544372394,1.52,10.574250456995651,0.8999999999999999,F,4,44.0
9,Araucania,2073021,Victoria,22.0,2.0,1.5,2.0,12228.160493748308,11.055,11.057142857142859,0.00019383601473170516,20640.0,0.0,3064.6088084598387,0.0,4953.6,645,0.029889657802133245,1.52,10.574250456995651,1.2,F,4,44.0
9,Araucania,2073021,Victoria,22.0,2.0,2.0,1.0,12429.295642921494,11.055,11.057142857142859,0.00019383601473170516,20640.0,0.0,3242.2859347848294,0.0,4953.6,645,0.03161133538280176,1.52,14.099000609327534,0.6,F,4,44.0
9,Araucania,2073021,Victoria,22.0,2.0,2.0,1.5,13128.54309092027,11.055,11.057142857142859,0.00019383601473170516,20640.0,0.0,3896.3010151762537,0.0,4953.6,645,0.03794869081295122,1.52,14.099000609327534,0.8999999999999999,F,4,44.0
9,Araucania,2073021,Victoria,22.0,2.0,2.0,2.0,13829.674252851173,11.055,11.057142857142859,0.00019383601473170516,20640.0,0.0,4558.827031765967,0.0,4953.6,645,0.04436851655509961,1.52,14.099000609327534,1.2,F,4,44.0
9,Araucania,2073021,Victoria,24.0,1.0,1.0,1.0,7695.308870250532,11.055,9.702857142857143,-0.1223105252955999,18112.0,2528.0,314.18059871900556,0.0,4346.88,566,0.12535491094210188,0.76,7.049500304663767,0.6,F,4,44.0
9,Araucania,2073021,Victoria,24.0,1.0,1.0,1.5,8509.34939757068,11.055,10.44,-0.05563093622795117,19488.0,1152.0,446.8504670202528,0.0,4677.12,609,0.05996088261380633,0.76,7.049500304663767,0.8999999999999999,F,4,44.0
9,Araucania,2073021,Victoria,24.0,1.0,1.0,2.0,9329.998198546367,11.055,11.057142857142859,0.00019383601473170516,20640.0,0.0,599.5042227660609,0.0,4953.6,645,0.006002985460139273,0.76,7.049500304663767,1.2,F,4,44.0
9,Araucania,2073021,Victoria,24.0,1.0,1.5,1.0,9633.4117991442,11.055,11.057142857142859,0.00019383601473170516,20640.0,0.0,837.2418520685778,0.0,4953.6,645,0.008306644658807072,0.76,10.574250456995651,0.6,F,4,44.0
9,Araucania,2073021,Victoria,24.0,1.0,1.5,1.5,10436.379889127755,11.055,11.057142857142859,0.00019383601473170516,20640.0,0.0,1476.0939314450284,0.0,4953.6,645,0.014497071784547871,0.76,10.574250456995651,0.8999999999999999,F,4,44.0
9,Araucania,2073021,Victoria,24.0,1.0,1.5,2.0,11243.359694374421,11.055,11.057142857142859,0.00019383601473170516,20640.0,0.0,2160.1188728318766,0.0,4953.6,645,0.021125220441397176,0.76,10.574250456995651,1.2,F,4,44.0
9,Araucania,2073021,Victoria,24.0,1.0,2.0,1.0,11495.60591432002,11.055,11.057142857142859,0.00019383601473170516,20640.0,0.0,2377.5837212110378,0.0,4953.6,645,0.023232437964451066,0.76,14.099000609327534,0.6,F,4,44.0
9,Araucania,2073021,Victoria,24.0,1.0,2.0,1.5,12280.793595965888,11.055,11.057142857142859,0.00019383601473170516,20640.0,0.0,3099.2899475517424,0.0,4953.6,645,0.030225715351473396,0.76,14.099000609327534,0.8999999999999999,F,4,44.0
9,Araucania,2073021,Victoria,24.0,1.0,2.0,2.0,13068.176748431406,11.055,11.057142857142859,0.00019383601473170516,20640.0,0.0,3840.1005660945507,0.0,4953.6,645,0.03740411281797348,0.76,14.099000609327534,1.2,F,4,44.0
9,Araucania,2073021,Victoria,24.0,1.5,1.0,1.0,8738.224824541887,11.055,10.56,-0.044776119402985,19712.0,928.0,536.4882944640328,0.0,4730.88,616,0.0499746493881016,1.1400000000000001,7.049500304663767,0.6,F,4,44.0
9,Araucania,2073021,Victoria,24.0,1.5,1.0,1.5,9527.15001554047,11.055,11.057142857142859,0.00019383601473170516,20640.0,0.0,745.6760135026391,0.0,4953.6,645,0.0074193787812301465,1.1400000000000001,7.049500304663767,0.8999999999999999,F,4,44.0
9,Araucania,2073021,Victoria,24.0,1.5,1.0,2.0,10321.25028848549,11.055,11.057142857142859,0.00019383601473170516,20640.0,0.0,1370.7089880286885,0.0,4953.6,645,0.013475899852218998,1.1400000000000001,7.049500304663767,1.2,F,4,44.0
9,Araucania,2073021,Victoria,24.0,1.5,1.5,1.0,10592.576296128518,11.055,11.057142857142859,0.00019383601473170516,20640.0,0.0,1611.6959515701437,0.0,4953.6,645,0.015811044847775735,1.1400000000000001,10.574250456995651,0.6,F,4,44.0
9,Araucania,2073021,Victoria,24.0,1.5,1.5,1.5,11368.092948199735,11.055,11.057142857142859,0.00019383601473170516,20640.0,0.0,2272.2163816299417,0.0,4953.6,645,0.022211436611921063,1.1400000000000001,10.574250456995651,0.8999999999999999,F,4,44.0
9,Araucania,2073021,Victoria,24.0,1.5,1.5,2.0,12146.969792314945,11.055,11.057142857142859,0.00019383601473170516,20640.0,0.0,2974.028819472813,0.0,4953.6,645,0.02901194473055354,1.1400000000000001,10.574250456995651,1.2,F,4,44.0
9,Araucania,2073021,Victoria,24.0,1.5,2.0,1.0,12370.39377548889,11.055,11.057142857142859,0.00019383601473170516,20640.0,0.0,3185.9812613845334,0.0,4953.6,645,0.031065747462256252,1.1400000000000001,14.099000609327534,0.6,F,4,44.0
9,Araucania,2073021,Victoria,24.0,1.5,2.0,1.5,13128.46573919465,11.055,11.057142857142859,0.00019383601473170516,20640.0,0.0,3887.2894526802957,0.0,4953.6,645,0.03786136947093612,1.1400000000000001,14.099000609327534,0.8999999999999999,F,4,44.0
9,Araucania,2073021,Victoria,24.0,1.5,2.0,2.0,13888.649270307847,11.055,11.057142857142859,0.00019383601473170516,20640.0,0.0,4611.235506352777,0.0,4953.6,645,0.04487635061117334,1.1400000000000001,14.099000609327534,1.2,F,4,44.0
9,Araucania,2073021,Victoria,24.0,2.0,1.0,1.0,9724.903111704702,11.055,11.057142857142859,0.00019383601473170516,20640.0,0.0,905.2239183577892,0.0,4953.6,645,0.008965385611221911,1.52,7.049500304663767,0.6,F,4,44.0
9,Araucania,2073021,Victoria,24.0,2.0,1.0,1.5,10488.143373408968,11.055,11.057142857142859,0.00019383601473170516,20640.0,0.0,1524.8169237443467,0.0,4953.6,645,0.01496919380295212,1.52,7.049500304663767,0.8999999999999999,F,4,44.0
9,Araucania,2073021,Victoria,24.0,2.0,1.0,2.0,11255.835204106304,11.055,11.057142857142859,0.00019383601473170516,20640.0,0.0,2186.1556250502563,0.0,4953.6,645,0.02137751455204039,1.52,7.049500304663767,1.2,F,4,44.0
9,Araucania,2073021,Victoria,24.0,2.0,1.5,1.0,11498.561970663586,11.055,11.057142857142859,0.00019383601473170516,20640.0,0.0,2391.480469388171,0.0,4953.6,645,0.023367096377020183,1.52,10.574250456995651,0.6,F,4,44.0
9,Araucania,2073021,Victoria,24.0,2.0,1.5,1.5,12247.9450699392,11.055,11.057142857142859,0.00019383601473170516,20640.0,0.0,3054.560536267942,0.0,4953.6,645,0.02979229082352959,1.52,10.574250456995651,0.8999999999999999,F,4,44.0
9,Araucania,2073021,Victoria,24.0,2.0,1.5,2.0,13000.01820419172,11.055,11.057142857142859,0.00019383601473170516,20640.0,0.0,3781.1456555609475,0.0,4953.6,645,0.03683284430505097,1.52,10.574250456995651,1.2,F,4,44.0
9,Araucania,2073021,Victoria,24.0,2.0,2.0,1.0,13198.219704432453,11.055,11.057142857142859,0.00019383601473170516,20640.0,0.0,3956.4278940294557,0.0,4953.6,645,0.03853131560804039,1.52,14.099000609327534,0.6,F,4,44.0
9,Araucania,2073021,Victoria,24.0,2.0,2.0,1.5,13930.40090727331,11.055,11.057142857142859,0.00019383601473170516,20640.0,0.0,4648.336985073722,0.0,4953.6,645,0.045235861063895676,1.52,14.099000609327534,0.8999999999999999,F,4,44.0
9,Araucania,2073021,Victoria,24.0,2.0,2.0,2.0,14664.553054789565,11.055,11.057142857142859,0.00019383601473170516,20640.0,0.0,5340.861471405273,0.0,4953.6,645,0.0519463696523797,1.52,14.099000609327534,1.2,F,4,44.0
