edificio_id,regional_sample_rank,codigo_region,region,codigo_comuna,tmy_commune_id,nombre_comuna,year,episcope_archetype,area_promedio_inmueble_m2,n_inmuebles,n_pers_edificio,heating_demand_kwh,heating_demand_kwh_m2,scenario,efficiency,target_fuel_energy_kwh,assigned_useful_energy_kwh,assigned_fuel_energy_kwh,unallocated_fuel_energy_kwh,unmet_heating_energy_kwh,wood_mass_kg,wood_volume_solid_m3,wood_volume_stere,scenario_source,useful_coverage_target,redpe_case,redpe_target_m3st,weather_rows,building_year,building_type,material,thermal_zone,model_persons,model_area_m2
99748,1,1,Tarapaca,1211,1107,Alto Hospicio,2024,CL.SFH.CEV.lad.A,46.0,1,4.261682242990654,2769.878944297533,60.21475965864202,coverage_mid,0.5,4154.8184164463,2077.40920822315,4154.8184164463,0.0,692.4697360743835,997.156419947112,1.4245091713530171,2.2257955802390894,coverage_sensitivity,0.75,,,8784,2018,SFH,lad,A,4,46.0
64898,2,1,Tarapaca,1201,1101,Iquique,2024,CL.SFH.preRT.lad.A,36.0,1,5.48,4582.974484410004,127.30484678916679,coverage_mid,0.5,6874.461726615006,3437.2308633075027,6874.461726615005,9.094947017729282e-13,1145.743621102502,1649.8708143876015,2.356958306268002,3.6827473535437534,coverage_sensitivity,0.75,,,8784,1990,SFH,lad,A,5,36.0
80892,3,1,Tarapaca,1206,1404,Huara,2024,CL.SFH.post2021.lad.A,31.0,1,1.4166666666666667,6728.323453718881,217.04269205544776,coverage_mid,0.5,10092.485180578322,5046.242590289161,10092.485180578322,0.0,1682.08086342972,2422.1964433387975,3.460280633341139,5.406688489595529,coverage_sensitivity,0.75,,,8784,2022,SFH,lad,A,1,31.0
81216,4,1,Tarapaca,1210,1403,Colchane,2024,CL.SFH.preRT.adobe.H,48.0,1,1.058252427184466,8860.517752352242,184.5941198406717,coverage_mid,0.5,13290.776628528361,6645.388314264181,13290.776628528361,0.0,2215.129438088059,3189.7863908468066,4.556837701209724,7.1200589081401935,coverage_sensitivity,0.75,,,8784,1990,SFH,adobe,H,1,48.0
81066,5,1,Tarapaca,1208,1402,Camiña,2024,CL.SFH.preRT.adobe.B,47.0,1,1.8181818181818181,3007.534117499057,63.99008760636292,coverage_mid,0.5,4511.301176248586,2255.650588124293,4511.301176248586,0.0,751.8835293747643,1082.7122822996605,1.5467318318566579,2.4167684872760278,coverage_sensitivity,0.75,,,8784,1990,SFH,adobe,B,2,47.0
77089,6,1,Tarapaca,1204,1401,Pozo Almonte,2024,CL.SFH.preRT.mad.B,107.0,1,0.22580645161290322,418.9937611442746,3.9158295434044352,coverage_mid,0.5,628.4906417164118,314.24532085820584,628.4906417164117,1.1368683772161603e-13,104.74844028606879,150.83775401193878,0.21548250573134112,0.3366914152052205,coverage_sensitivity,0.75,,,8784,1990,SFH,mad,B,1,107.0
81218,7,1,Tarapaca,1210,1403,Colchane,2024,CL.SFH.preRT.adobe.H,48.0,1,1.058252427184466,8860.51834199115,184.59413212481562,coverage_mid,0.5,13290.777512986726,6645.388756493364,13290.777512986728,0.0,2215.129585497786,3189.7866031168146,4.556838004452592,7.120059381957175,coverage_sensitivity,0.75,,,8784,1990,SFH,adobe,H,1,48.0
85499,8,1,Tarapaca,1211,1107,Alto Hospicio,2024,CL.SFH.RT2.mad.A,40.0,1,3.5652173913043477,1609.7415804336867,40.24353951084217,coverage_mid,0.5,2414.61237065053,1207.306185325265,2414.61237065053,0.0,402.43539510842174,579.5069689561273,0.8278670985087532,1.2935423414199267,coverage_sensitivity,0.75,,,8784,2011,SFH,mad,A,4,40.0
81033,9,1,Tarapaca,1208,1402,Camiña,2024,CL.SFH.RT2.lad.B,46.0,1,1.625,1904.7509972603957,41.40763037522599,coverage_mid,0.5,2857.1264958905936,1428.5632479452968,2857.1264958905936,0.0,476.1877493150989,685.7103590137425,0.9795862271624893,1.5306034799413895,coverage_sensitivity,0.75,,,8784,2011,SFH,lad,B,2,46.0
80370,10,1,Tarapaca,1206,1404,Huara,2024,CL.SFH.RT1.mad.B,64.0,1,6.666666666666667,3982.0819950745813,62.22003117304033,coverage_mid,0.5,5973.122992611872,2986.561496305936,5973.122992611872,0.0,995.5204987686449,1433.5495182268494,2.0479278831812135,3.199887317470646,coverage_sensitivity,0.75,,,8784,2003,SFH,mad,B,7,64.0
111131,1,2,Antofagasta,2103,2302,María Elena,2024,CL.SFH.preRT.mad.B,112.0,1,2.739130434782609,222.55400912550186,1.987089367191981,coverage_mid,0.5,333.8310136882528,166.9155068441264,333.8310136882528,0.0,55.63850228137545,80.11944328518068,0.11445634755025812,0.1788380430472783,coverage_sensitivity,0.75,,,8784,1990,SFH,mad,B,3,112.0
182396,2,2,Antofagasta,2206,2103,Sierra Gorda,2024,CL.SFH.RT1.lad.B,36.0,1,4.8,1234.282537536184,34.28562604267178,coverage_mid,0.5,1851.423806304276,925.7119031521381,1851.4238063042762,0.0,308.570634384046,444.3417135130263,0.6347738764471804,0.9918341819487194,coverage_sensitivity,0.75,,,8784,2003,SFH,lad,B,5,36.0
222578,3,2,Antofagasta,2302,2202,Ollagüe,2024,CL.SFH.preRT.adobe.H,180.0,1,3.640625,18383.5811670146,102.13100648341444,coverage_mid,0.5,27575.3717505219,13787.685875260948,27575.371750521896,3.637978807091713e-12,4595.895291753649,6618.089220125255,9.454413171607507,14.77252058063673,coverage_sensitivity,0.75,,,8784,1990,SFH,adobe,H,4,180.0
222961,4,2,Antofagasta,2303,2203,San Pedro de Atacama,2024,CL.SFH.CEV.lad.B,150.0,1,1.625,11966.481408558297,79.77654272372197,coverage_mid,0.5,17949.722112837444,8974.861056418724,17949.722112837448,0.0,2991.6203521395746,4307.933307080987,6.154190438687125,9.615922560448633,coverage_sensitivity,0.75,,,8784,2018,SFH,lad,B,2,150.0
176691,5,2,Antofagasta,2202,2104,Taltal,2024,CL.SFH.preRT.mad.A,55.0,1,3.0285714285714285,2068.7115659267683,37.61293756230488,coverage_mid,0.5,3103.0673488901525,1551.533674445076,3103.067348890152,4.547473508864641e-13,517.1778914816921,744.7361637336365,1.0639088053337664,1.66235750833401,coverage_sensitivity,0.75,,,8784,1990,SFH,mad,A,3,55.0
107805,6,2,Antofagasta,2101,2301,Tocopilla,2024,CL.SFH.preRT.mad.A,45.0,1,1.6363636363636365,820.2786263942659,18.228413919872576,coverage_mid,0.5,1230.4179395913989,615.2089697956995,1230.417939591399,0.0,205.06965659856635,295.30030550193584,0.4218575792884798,0.6591524676382496,coverage_sensitivity,0.75,,,8784,1990,SFH,mad,A,2,45.0
182290,7,2,Antofagasta,2203,2102,Mejillones,2024,CL.SFH.RT1.mad.A,24.0,1,1.9852941176470589,3423.7251404398467,142.6552141849936,coverage_mid,0.5,5135.58771065977,2567.7938553298845,5135.587710659769,9.094947017729282e-13,855.9312851099614,1232.5410505583448,1.760772929369064,2.7512077021391623,coverage_sensitivity,0.75,,,8784,2003,SFH,mad,A,2,24.0
175950,8,2,Antofagasta,2201,2101,Antofagasta,2024,CL.SFH.RT1.lad.A,54.0,1,0.7609561752988048,10313.503831135127,190.99081168768754,coverage_mid,0.5,15470.25574670269,7735.127873351345,15470.25574670269,0.0,2578.375957783782,3712.8613792086458,5.30408768458378,8.287637007162155,coverage_sensitivity,0.75,,,8784,2003,SFH,lad,A,1,54.0
199560,9,2,Antofagasta,2301,2201,Calama,2024,CL.SFH.RT2.lad.B,79.0,1,2.2549019607843137,9405.369444375816,119.05530942247869,coverage_mid,0.5,14108.054166563725,7054.027083281864,14108.054166563728,0.0,2351.3423610939517,3385.932999975295,4.8370471428218496,7.55788616065914,coverage_sensitivity,0.75,,,8784,2011,SFH,lad,B,2,79.0
119818,10,2,Antofagasta,2201,2101,Antofagasta,2024,CL.SFH.RT1.lad.A,199.0,1,2.097560975609756,31735.246891619845,159.47360247045148,coverage_mid,0.5,47602.87033742977,23801.43516871488,47602.87033742976,7.275957614183426e-12,7933.81172290496,11424.688880983142,16.3209841156902,25.50153768076594,coverage_sensitivity,0.75,,,8784,2003,SFH,lad,A,2,199.0
307529,1,3,Atacama,3304,3302,Alto del Carmen,2024,CL.SFH.CEV.mad.B,13.0,1,4.230769230769231,5957.464860747752,458.2665277498271,coverage_mid,0.5,8936.197291121629,4468.0986455608145,8936.197291121629,0.0,1489.3662151869376,2144.687349869191,3.0638390712417016,4.787248548815159,coverage_sensitivity,0.75,,,8784,2018,SFH,mad,B,4,13.0
306390,2,3,Atacama,3303,3304,Huasco,2024,CL.SFH.preRT.mad.A,39.0,1,1.7333333333333334,1647.266332298771,42.23759826407105,coverage_mid,0.5,2470.8994984481565,1235.4497492240785,2470.899498448157,0.0,411.81658307469274,593.0158796275576,0.8471655423250823,1.323696159882941,coverage_sensitivity,0.75,,,8784,1990,SFH,mad,A,2,39.0
278371,3,3,Atacama,3202,3102,Caldera,2024,CL.SFH.preRT.lad.A,77.0,1,1.8095238095238095,10789.124532874966,140.1185004269476,coverage_mid,0.5,16183.68679931245,8091.843399656226,16183.686799312452,0.0,2697.2811332187393,3884.0848318349886,5.548692616907126,8.669832213917385,coverage_sensitivity,0.75,,,8784,1990,SFH,lad,A,2,77.0
230168,4,3,Atacama,3102,3202,Diego de Almagro,2024,CL.SFH.RT2.lad.B,96.0,1,2.0555555555555554,18206.80034462297,189.65417025648927,coverage_mid,0.5,27310.200516934456,13655.100258467228,27310.200516934456,0.0,4551.700086155743,6554.448124064269,9.363497320091813,14.630464562643457,coverage_sensitivity,0.75,,,8784,2011,SFH,lad,B,2,96.0
283642,5,3,Atacama,3203,3103,Tierra Amarilla,2024,CL.SFH.preRT.mad.B,68.0,1,2.7432432432432434,14034.041384518878,206.38296153704232,coverage_mid,0.5,21051.06207677832,10525.53103838916,21051.06207677832,0.0,3508.5103461297185,5052.254898426796,7.217506997752566,11.277354683988385,coverage_sensitivity,0.75,,,8784,1990,SFH,mad,B,3,68.0
301258,6,3,Atacama,3302,3303,Freirina,2024,CL.SFH.preRT.mad.A,98.0,1,5.714285714285714,2561.606851605823,26.138845424549213,coverage_mid,0.5,3842.4102774087346,1921.2051387043673,3842.4102774087346,0.0,640.4017129014553,922.1784665780963,1.3173978093972805,2.0584340771832506,coverage_sensitivity,0.75,,,8784,1990,SFH,mad,A,6,98.0
225693,7,3,Atacama,3101,3201,Chañaral,2024,CL.SFH.preRT.lad.A,80.0,1,1.6153846153846154,8851.03879676358,110.63798495954475,coverage_mid,0.5,13276.55819514537,6638.279097572686,13276.558195145371,0.0,2212.759699190895,3186.373966834889,4.551962809764127,7.112441890256449,coverage_sensitivity,0.75,,,8784,1990,SFH,lad,A,2,80.0
268193,8,3,Atacama,3201,3101,Copiapó,2024,CL.SFH.preRT.adobe.B,88.0,1,3.75,5321.589267468928,60.472605312146904,coverage_mid,0.5,7982.383901203391,3991.191950601695,7982.38390120339,9.094947017729282e-13,1330.397316867232,1915.7721362888137,2.7368173375554483,4.276277089930388,coverage_sensitivity,0.75,,,8784,1990,SFH,adobe,B,4,88.0
285063,9,3,Atacama,3301,3301,Vallenar,2024,CL.SFH.preRT.mad.B,54.0,1,1.5833333333333333,2507.5052479713604,46.43528236984001,coverage_mid,0.5,3761.2578719570406,1880.62893597852,3761.25787195704,4.547473508864641e-13,626.8763119928401,902.7018892696896,1.2895741275281278,2.0149595742627,coverage_sensitivity,0.75,,,8784,1990,SFH,mad,B,2,54.0
263945,10,3,Atacama,3201,3101,Copiapó,2024,CL.SFH.preRT.lad.B,53.0,1,2.2115384615384617,4246.905492138016,80.13029230449087,coverage_mid,0.5,6370.3582382070235,3185.1791191035118,6370.3582382070235,0.0,1061.726373034504,1528.8859771696857,2.1841228245281226,3.4126919133251916,coverage_sensitivity,0.75,,,8784,1990,SFH,lad,B,2,53.0
529140,1,4,Coquimbo,4304,4202,Canela,2024,CL.SFH.RT2.lad.C,53.0,1,3.8852459016393444,6285.901690791,118.60191869416981,coverage_mid,0.5,9428.8525361865,4714.42626809325,9428.8525361865,0.0,1571.4754226977511,2262.92460868476,3.2327494409782287,5.051171001528482,coverage_sensitivity,0.75,,,8784,2011,SFH,lad,C,4,53.0
314715,2,4,Coquimbo,4101,4101,La Serena,2024,CL.SFH.RT1.lad.C,81.0,1,3.230769230769231,3836.874711403125,47.368823597569445,coverage_mid,0.5,5755.312067104687,2877.6560335523436,5755.312067104687,0.0,959.2186778507812,1381.274896105125,1.97324985157875,3.083202893091797,coverage_sensitivity,0.75,,,8784,2003,SFH,lad,C,3,81.0
500971,3,4,Coquimbo,4204,4304,Punitaqui,2024,CL.SFH.preRT.lad.B,38.0,1,3.176470588235294,4266.517351844234,112.27677241695353,coverage_mid,0.5,6399.776027766351,3199.8880138831755,6399.776027766351,0.0,1066.6293379610588,1535.9462466639243,2.194208923805606,3.428451443446259,coverage_sensitivity,0.75,,,8784,1990,SFH,lad,B,3,38.0
506350,4,4,Coquimbo,4205,4302,Combarbalá,2024,CL.SFH.RT1.lad.B,36.0,1,3.966666666666667,2721.330306783179,75.59250852175497,coverage_mid,0.5,4081.9954601747686,2040.9977300873843,4081.9954601747686,0.0,680.3325766957951,979.6789104419445,1.3995413006313493,2.186783282236483,coverage_sensitivity,0.75,,,8784,2003,SFH,lad,B,4,36.0
456326,5,4,Coquimbo,4106,4105,Paiguano,2024,CL.SFH.preRT.mad.B,103.0,1,2.4461538461538463,23823.671791509478,231.29778438358716,coverage_mid,0.5,35735.50768726422,17867.75384363211,35735.50768726422,0.0,5955.917947877369,8576.521844943412,12.252174064204874,19.144021975320115,coverage_sensitivity,0.75,,,8784,1990,SFH,mad,B,2,103.0
508082,6,4,Coquimbo,4301,4201,Illapel,2024,CL.SFH.preRT.mad.B,40.0,1,8.55,3976.251291596532,99.4062822899133,coverage_mid,0.5,5964.376937394798,2982.188468697399,5964.376937394798,0.0,994.0628228991335,1431.4504649747514,2.0449292356782163,3.195201930747213,coverage_sensitivity,0.75,,,8784,1990,SFH,mad,B,8,40.0
448972,7,4,Coquimbo,4105,4106,Vicuña,2024,CL.SFH.preRT.lad.B,42.0,1,2.4523809523809526,12102.355744151644,288.1513272417058,coverage_mid,0.5,18153.533616227465,9076.76680811373,18153.53361622746,3.637978807091713e-12,3025.588936037913,4356.848067894591,6.224068668420844,9.725107294407568,coverage_sensitivity,0.75,,,8784,1990,SFH,lad,B,2,42.0
507119,8,4,Coquimbo,4206,4305,Río Hurtado,2024,CL.SFH.post2021.mad.B,97.0,1,1.5714285714285714,10204.620279630235,105.20227092402304,coverage_mid,0.5,15306.930419445353,7653.465209722675,15306.93041944535,1.8189894035458565e-12,2551.1550699075583,3673.6633006668844,5.248090429524121,8.200141296131438,coverage_sensitivity,0.75,,,8784,2022,SFH,mad,B,2,97.0
517329,9,4,Coquimbo,4302,4204,Salamanca,2024,CL.SFH.preRT.mad.B,36.0,1,3.5,5769.939365362587,160.27609348229407,coverage_mid,0.5,8654.909048043879,4327.4545240219395,8654.909048043879,0.0,1442.484841340647,2077.178171530531,2.9673973879007587,4.636558418594936,coverage_sensitivity,0.75,,,8784,1990,SFH,mad,B,4,36.0
490602,10,4,Coquimbo,4203,4303,Monte Patria,2024,CL.SFH.RT1.mad.B,40.0,1,1.5633802816901408,6252.2909701013195,156.30727425253298,coverage_mid,0.5,9378.43645515198,4689.21822757599,9378.43645515198,0.0,1563.0727425253297,2250.8247492364753,3.215463927480679,5.024162386688561,coverage_sensitivity,0.75,,,8784,2003,SFH,mad,B,2,40.0
861373,1,5,Valparaiso,5502,5506,Nogales,2024,CL.SFH.preRT.lad.D,71.0,1,4.096774193548387,3427.5724150199885,48.275667817182935,coverage_mid,0.5,5141.358622529982,2570.679311264991,5141.358622529982,0.0,856.8931037549974,1233.9260694071959,1.7627515277245656,2.7542992620696336,coverage_sensitivity,0.75,,,8784,1990,SFH,lad,D,4,71.0
605645,2,5,Valparaiso,5302,5109,Viña del Mar,2024,CL.SFH.RT2.mad.C,36.0,1,3.27027027027027,3952.6906639507865,109.79696288752184,coverage_mid,0.5,5929.03599592618,2964.51799796309,5929.03599592618,0.0,988.1726659876967,1422.968639022283,2.0328123414604042,3.1762692835318815,coverage_sensitivity,0.75,,,8784,2011,SFH,mad,C,3,36.0
925897,3,5,Valparaiso,5603,5702,Catemu,2024,CL.SFH.preRT.lad.D,32.0,1,2.017543859649123,2507.608444778625,78.36276389933204,coverage_mid,0.5,3761.412667167938,1880.706333583969,3761.412667167938,0.0,626.9021111946563,902.739040120305,1.2896272001718643,2.015042500268538,coverage_sensitivity,0.75,,,8784,1990,SFH,lad,D,2,32.0
945407,4,5,Valparaiso,5701,5301,Los Andes,2024,CL.SFH.RT1.hor.D,61.0,1,2.0,18528.312543201802,303.74282857707874,coverage_mid,0.5,27792.468814802705,13896.23440740135,27792.4688148027,3.637978807091713e-12,4632.078135800453,6670.192515552649,9.528846450789498,14.88882257935859,coverage_sensitivity,0.75,,,8784,2003,SFH,hor,D,2,61.0
548301,5,5,Valparaiso,5205,5403,Papudo,2024,CL.SFH.preRT.mad.C,70.0,1,1.7777777777777777,6144.426850964559,87.77752644235085,coverage_mid,0.5,9216.640276446838,4608.320138223419,9216.640276446838,0.0,1536.1067127411397,2211.9936663472413,3.1599909519246303,4.937485862382235,coverage_sensitivity,0.75,,,8784,1990,SFH,mad,C,2,70.0
582151,6,5,Valparaiso,5301,5101,Valparaíso,2024,CL.SFH.preRT.lad.C,157.0,1,3.210526315789474,19824.378060980576,126.2699239552903,coverage_mid,0.5,29736.567091470864,14868.283545735432,29736.567091470864,0.0,4956.094515245144,7136.776101953007,10.19539443136144,15.930303799002248,coverage_sensitivity,0.75,,,8784,1990,SFH,lad,C,3,157.0
941364,7,5,Valparaiso,5606,5703,Llaillay,2024,CL.SFH.preRT.lad.D,32.0,1,2.883720930232558,2077.5633240169436,64.92385387552949,coverage_mid,0.5,3116.3449860254154,1558.1724930127077,3116.3449860254154,0.0,519.3908310042359,747.9227966460998,1.0684611380658569,1.6694705282279012,coverage_sensitivity,0.75,,,8784,1990,SFH,lad,D,3,32.0
863656,8,5,Valparaiso,5503,5503,Hijuelas,2024,CL.SFH.preRT.mad.D,60.0,1,11.538461538461538,2774.817485796856,46.24695809661427,coverage_mid,0.5,4162.226228695285,2081.1131143476423,4162.226228695285,0.0,693.7043714492137,998.9342948868683,1.427048992695526,2.2297640510867596,coverage_sensitivity,0.75,,,8784,1990,SFH,mad,D,8,60.0
776821,9,5,Valparaiso,5401,5601,San Antonio,2024,CL.SFH.preRT.lad.C,99.0,1,4.214285714285714,12805.573829465779,129.34923060066444,coverage_mid,0.5,19208.360744198668,9604.180372099336,19208.36074419867,0.0,3201.3934573664446,4610.006578607682,6.58572368372526,10.29019325582072,coverage_sensitivity,0.75,,,8784,1990,SFH,lad,C,4,99.0
970586,10,5,Valparaiso,5704,5303,Rinconada,2024,CL.SFH.RT2.lad.D,42.0,1,2.591304347826087,3238.5299714647854,77.10785646344728,coverage_mid,0.5,4857.7949571971785,2428.8974785985893,4857.7949571971785,0.0,809.6324928661961,1165.870789727323,1.6655296996104614,2.602390155641346,coverage_sensitivity,0.75,,,8784,2011,SFH,lad,D,3,42.0
1202172,1,6,O'Higgins,6209,6302,Chépica,2024,CL.SFH.RT2.mad.D,36.0,1,6.84,2407.5492244520055,66.87636734588904,coverage_mid,0.5,3611.3238366780083,1805.661918339004,3611.323836678008,4.547473508864641e-13,601.8873061130018,866.7177208027219,1.238168172575317,1.934637769648933,coverage_sensitivity,0.75,,,8784,2011,SFH,mad,D,7,36.0
1202172,1,6,O'Higgins,6209,6302,Chépica,2024,CL.SFH.RT2.mad.D,36.0,1,6.84,2407.5492244520055,66.87636734588904,redpe_mid,0.5,7040.0,2407.5492244520055,4815.098448904011,2224.901551095989,0.0,1155.6236277369628,1.6508908967670897,2.5795170261985776,REDPE_2020,,mid,3.77,8784,2011,SFH,mad,D,7,36.0
1195855,2,6,O'Higgins,6205,6310,Santa Cruz,2024,CL.SFH.preRT.lad.D,182.0,1,5.181818181818182,11524.1054484075,63.31926070553571,coverage_mid,0.5,17286.15817261125,8643.079086305625,17286.15817261125,0.0,2881.0263621018767,4148.6779614267,5.926682802038142,9.260441878184597,coverage_sensitivity,0.75,,,8784,1990,SFH,lad,D,5,182.0
1195855,2,6,O'Higgins,6205,6310,Santa Cruz,2024,CL.SFH.preRT.lad.D,182.0,1,5.181818181818182,11524.1054484075,63.31926070553571,redpe_mid,0.5,7040.0,3520.0000000000005,7040.000000000001,0.0,8004.105448407503,1689.6000000000001,2.4137142857142857,3.7714285714285714,REDPE_2020,,mid,3.77,8784,1990,SFH,lad,D,5,182.0
1112898,3,6,O'Higgins,6111,6113,Pichidegua,2024,CL.SFH.preRT.lad.D,118.0,1,5.2628571428571425,6722.13018699286,56.96720497451577,coverage_mid,0.5,10083.19528048929,5041.597640244645,10083.19528048929,0.0,1680.5325467482162,2419.9668673174297,3.4570955247391852,5.401711757404977,coverage_sensitivity,0.75,,,8784,1990,SFH,lad,D,5,118.0
1112898,3,6,O'Higgins,6111,6113,Pichidegua,2024,CL.SFH.preRT.lad.D,118.0,1,5.2628571428571425,6722.13018699286,56.96720497451577,redpe_mid,0.5,7040.0,3520.0,7040.0,0.0,3202.130186992861,1689.6,2.4137142857142857,3.7714285714285714,REDPE_2020,,mid,3.77,8784,1990,SFH,lad,D,5,118.0
1198594,4,6,O'Higgins,6208,6307,Peralillo,2024,CL.SFH.RT1.lad.D,7.0,1,13.545454545454545,312.7427425717084,44.6775346531012,coverage_mid,0.5,469.1141138575626,234.55705692878132,469.11411385756264,0.0,78.1856856429271,112.58738732581504,0.16083912475116435,0.2513111324236943,coverage_sensitivity,0.75,,,8784,2003,SFH,lad,D,8,7.0
1198594,4,6,O'Higgins,6208,6307,Peralillo,2024,CL.SFH.RT1.lad.D,7.0,1,13.545454545454545,312.7427425717084,44.6775346531012,redpe_mid,0.5,7040.0,312.7427425717084,625.4854851434168,6414.514514856583,0.0,150.11651643442005,0.21445216633488579,0.335081509898259,REDPE_2020,,mid,3.77,8784,2003,SFH,lad,D,8,7.0
1214560,5,6,O'Higgins,6304,6202,La Estrella,2024,CL.SFH.post2021.mad.D,163.0,1,29.0,5728.900412826168,35.14662829954704,coverage_mid,0.5,8593.350619239252,4296.675309619627,8593.350619239254,0.0,1432.2251032065417,2062.404148617421,2.94629164088203,4.603580688878172,coverage_sensitivity,0.75,,,8784,2022,SFH,mad,D,8,163.0
1214560,5,6,O'Higgins,6304,6202,La Estrella,2024,CL.SFH.post2021.mad.D,163.0,1,29.0,5728.900412826168,35.14662829954704,redpe_mid,0.5,7040.0,3520.000000000001,7040.000000000002,0.0,2208.900412826168,1689.6000000000006,2.4137142857142866,3.7714285714285727,REDPE_2020,,mid,3.77,8784,2022,SFH,mad,D,8,163.0
1089505,6,6,O'Higgins,6108,6112,Peumo,2024,CL.SFH.preRT.lad.D,85.0,1,3.0277777777777777,5455.699656414516,64.18470184017077,coverage_mid,0.5,8183.549484621773,4091.7747423108863,8183.5494846217725,9.094947017729282e-13,1363.924914103629,1964.0518763092255,2.805788394727465,4.384044366761664,coverage_sensitivity,0.75,,,8784,1990,SFH,lad,D,3,85.0
1089505,6,6,O'Higgins,6108,6112,Peumo,2024,CL.SFH.preRT.lad.D,85.0,1,3.0277777777777777,5455.699656414516,64.18470184017077,redpe_mid,0.5,7040.0,3520.0,7040.0,0.0,1935.6996564145154,1689.6,2.4137142857142857,3.7714285714285714,REDPE_2020,,mid,3.77,8784,1990,SFH,lad,D,3,85.0
1136047,7,6,O'Higgins,6113,6116,Requínoa,2024,CL.SFH.preRT.lad.D,50.0,1,2.642857142857143,7304.238455145918,146.08476910291836,coverage_mid,0.5,10956.357682718877,5478.178841359439,10956.357682718877,0.0,1826.0596137864793,2629.52584385253,3.7564654912179005,5.869477330027969,coverage_sensitivity,0.75,,,8784,1990,SFH,lad,D,3,50.0
1136047,7,6,O'Higgins,6113,6116,Requínoa,2024,CL.SFH.preRT.lad.D,50.0,1,2.642857142857143,7304.238455145918,146.08476910291836,redpe_mid,0.5,7040.0,3520.0,7040.0,0.0,3784.2384551459177,1689.6,2.4137142857142857,3.7714285714285714,REDPE_2020,,mid,3.77,8784,1990,SFH,lad,D,3,50.0
1156003,8,6,O'Higgins,6201,6301,San Fernando,2024,CL.SFH.preRT.lad.D,102.0,1,2.466666666666667,17320.328243085634,169.80713963809444,coverage_mid,0.5,25980.49236462845,12990.246182314228,25980.492364628455,0.0,4330.082060771405,6235.31816751083,8.907597382158329,13.918120909622388,coverage_sensitivity,0.75,,,8784,1990,SFH,lad,D,2,102.0
1156003,8,6,O'Higgins,6201,6301,San Fernando,2024,CL.SFH.preRT.lad.D,102.0,1,2.466666666666667,17320.328243085634,169.80713963809444,redpe_mid,0.5,7040.0,3520.0,7040.0,0.0,13800.32824308563,1689.6,2.4137142857142857,3.7714285714285714,REDPE_2020,,mid,3.77,8784,1990,SFH,lad,D,2,102.0
1146861,9,6,O'Higgins,6116,6103,Coinco,2024,CL.SFH.RT1.lad.D,75.0,1,4.454545454545454,4613.736673084665,61.516488974462206,coverage_mid,0.5,6920.605009626997,3460.3025048134987,6920.605009626997,0.0,1153.4341682711665,1660.9452023104793,2.372778860443542,3.7074669694430344,coverage_sensitivity,0.75,,,8784,2003,SFH,lad,D,4,75.0
1146861,9,6,O'Higgins,6116,6103,Coinco,2024,CL.SFH.RT1.lad.D,75.0,1,4.454545454545454,4613.736673084665,61.516488974462206,redpe_mid,0.5,7040.0,3520.0,7040.0,0.0,1093.736673084665,1689.6,2.4137142857142857,3.7714285714285714,REDPE_2020,,mid,3.77,8784,2003,SFH,lad,D,4,75.0
1067256,10,6,O'Higgins,6103,6106,Graneros,2024,CL.SFH.preRT.lad.D,27.0,1,3.366883116883117,2197.31878978663,81.38217739950481,coverage_mid,0.5,3295.978184679945,1647.989092339973,3295.978184679946,0.0,549.3296974466575,791.0347643231871,1.1300496633188388,1.7657025989356856,coverage_sensitivity,0.75,,,8784,1990,SFH,lad,D,3,27.0
1067256,10,6,O'Higgins,6103,6106,Graneros,2024,CL.SFH.preRT.lad.D,27.0,1,3.366883116883117,2197.31878978663,81.38217739950481,redpe_mid,0.5,7040.0,2197.31878978663,4394.63757957326,2645.36242042674,0.0,1054.7130190975824,1.5067328844251178,2.3542701319142463,REDPE_2020,,mid,3.77,8784,1990,SFH,lad,D,3,27.0
1440031,1,7,Maule,7210,7110,San Rafael,2024,CL.SFH.preRT.lad.D,37.0,1,2.7777777777777777,2842.6083360272332,76.82725232506036,coverage_mid,0.5,4263.91250404085,2131.956252020425,4263.91250404085,0.0,710.6520840068083,1023.3390009698039,1.4619128585282912,2.284238841450455,coverage_sensitivity,0.75,,,8784,1990,SFH,lad,D,3,37.0
1440031,1,7,Maule,7210,7110,San Rafael,2024,CL.SFH.preRT.lad.D,37.0,1,2.7777777777777777,2842.6083360272332,76.82725232506036,redpe_mid,0.5,9980.0,2842.6083360272332,5685.2166720544665,4294.7833279455335,0.0,1364.452001293072,1.9492171447043887,3.0456517886006074,REDPE_2020,,mid,5.345000000000001,8784,1990,SFH,lad,D,3,37.0
1407406,2,7,Maule,7205,7107,Pencahue,2024,CL.SFH.CEV.lad.D,56.0,1,1.7777777777777777,3653.794386441454,65.24632832931168,coverage_mid,0.5,5480.6915796621815,2740.3457898310908,5480.6915796621815,0.0,913.4485966103636,1315.3659791189236,1.8790942558841766,2.936084774819026,coverage_sensitivity,0.75,,,8784,2018,SFH,lad,D,2,56.0
1407406,2,7,Maule,7205,7107,Pencahue,2024,CL.SFH.CEV.lad.D,56.0,1,1.7777777777777777,3653.794386441454,65.24632832931168,redpe_mid,0.5,9980.0,3653.794386441454,7307.588772882908,2672.4112271170916,0.0,1753.821305491898,2.5054590078455687,3.914779699758701,REDPE_2020,,mid,5.345000000000001,8784,2018,SFH,lad,D,2,56.0
1279174,3,7,Maule,7103,7306,Romeral,2024,CL.SFH.RT1.lad.D,66.0,1,4.05,11905.52818100689,180.38679062131652,coverage_mid,0.5,17858.292271510334,8929.146135755167,17858.292271510334,0.0,2976.3820452517225,4285.99014516248,6.122843064517829,9.566942288309107,coverage_sensitivity,0.75,,,8784,2003,SFH,lad,D,4,66.0
1279174,3,7,Maule,7103,7306,Romeral,2024,CL.SFH.RT1.lad.D,66.0,1,4.05,11905.52818100689,180.38679062131652,redpe_mid,0.5,9980.0,4989.999999999999,9979.999999999998,1.8189894035458565e-12,6915.528181006888,2395.1999999999994,3.421714285714285,5.34642857142857,REDPE_2020,,mid,5.345000000000001,8784,2003,SFH,lad,D,4,66.0
1428174,4,7,Maule,7207,7103,Curepto,2024,CL.SFH.RT2.lad.E,117.0,1,9.192307692307692,10627.363886160274,90.83216996718183,coverage_mid,0.5,15941.045829240411,7970.5229146202055,15941.045829240411,0.0,2656.8409715400685,3825.8509990176985,5.465501427168141,8.53984597995022,coverage_sensitivity,0.75,,,8784,2011,SFH,lad,E,8,117.0
1428174,4,7,Maule,7207,7103,Curepto,2024,CL.SFH.RT2.lad.E,117.0,1,9.192307692307692,10627.363886160274,90.83216996718183,redpe_mid,0.5,9980.0,4990.0,9980.0,0.0,5637.363886160274,2395.2,3.4217142857142853,5.346428571428571,REDPE_2020,,mid,5.345000000000001,8784,2011,SFH,lad,E,8,117.0
1506029,5,7,Maule,7310,7406,San Javier,2024,CL.SFH.post2021.mad.D,84.0,1,11.0,4069.1158927362285,48.441855865907485,coverage_mid,0.5,6103.673839104343,3051.8369195521714,6103.673839104343,0.0,1017.2789731840571,1464.8817213850423,2.092688173407203,3.269825270948755,coverage_sensitivity,0.75,,,8784,2022,SFH,mad,D,8,84.0
1506029,5,7,Maule,7310,7406,San Javier,2024,CL.SFH.post2021.mad.D,84.0,1,11.0,4069.1158927362285,48.441855865907485,redpe_mid,0.5,9980.0,4069.1158927362285,8138.231785472457,1841.768214527543,0.0,1953.1756285133897,2.790250897876271,4.359767027931674,REDPE_2020,,mid,5.345000000000001,8784,2022,SFH,mad,D,8,84.0
1473118,6,7,Maule,7302,7408,Yerbas Buenas,2024,CL.SFH.CEV.mad.D,155.0,1,15.714285714285714,5911.196769932565,38.136753354403645,coverage_mid,0.5,8866.795154898848,4433.397577449424,8866.795154898848,0.0,1477.7991924831413,2128.0308371757233,3.040044053108176,4.750068832981525,coverage_sensitivity,0.75,,,8784,2018,SFH,mad,D,8,155.0
1473118,6,7,Maule,7302,7408,Yerbas Buenas,2024,CL.SFH.CEV.mad.D,155.0,1,15.714285714285714,5911.196769932565,38.136753354403645,redpe_mid,0.5,9980.0,4990.0,9980.0,0.0,921.1967699325651,2395.2,3.4217142857142853,5.346428571428571,REDPE_2020,,mid,5.345000000000001,8784,2018,SFH,mad,D,8,155.0
1494315,7,7,Maule,7305,7404,Parral,2024,CL.SFH.RT2.lad.D,64.0,1,2.75,6120.618969286942,95.63467139510847,coverage_mid,0.5,9180.928453930414,4590.464226965207,9180.928453930414,0.0,1530.1547423217353,2203.4228289432995,3.147746898490428,4.918354528891293,coverage_sensitivity,0.75,,,8784,2011,SFH,lad,D,3,64.0
1494315,7,7,Maule,7305,7404,Parral,2024,CL.SFH.RT2.lad.D,64.0,1,2.75,6120.618969286942,95.63467139510847,redpe_mid,0.5,9980.0,4990.0,9980.0,0.0,1130.618969286942,2395.2,3.4217142857142853,5.346428571428571,REDPE_2020,,mid,5.345000000000001,8784,2011,SFH,lad,D,3,64.0
1293475,8,7,Maule,7108,7304,Molina,2024,CL.SFH.preRT.adobe.D,120.0,1,1.5769230769230769,22449.420272459327,187.0785022704944,coverage_mid,0.5,33674.13040868899,16837.065204344493,33674.13040868899,0.0,5612.35506811483,8081.791298085357,11.545416140121938,18.039712718940528,coverage_sensitivity,0.75,,,8784,1990,SFH,adobe,D,2,120.0
1293475,8,7,Maule,7108,7304,Molina,2024,CL.SFH.preRT.adobe.D,120.0,1,1.5769230769230769,22449.420272459327,187.0785022704944,redpe_mid,0.5,9980.0,4990.0,9980.0,0.0,17459.420272459323,2395.2,3.4217142857142853,5.346428571428571,REDPE_2020,,mid,5.345000000000001,8784,1990,SFH,adobe,D,2,120.0
1448378,9,7,Maule,7301,7401,Linares,2024,CL.SFH.preRT.lad.D,34.0,1,2.404255319148936,4992.887551539406,146.84963386880605,coverage_mid,0.5,7489.331327309108,3744.665663654553,7489.331327309106,1.8189894035458565e-12,1248.221887884852,1797.4395185541857,2.567770740791694,4.012141782487022,coverage_sensitivity,0.75,,,8784,1990,SFH,lad,D,2,34.0
1448378,9,7,Maule,7301,7401,Linares,2024,CL.SFH.preRT.lad.D,34.0,1,2.404255319148936,4992.887551539406,146.84963386880605,redpe_mid,0.5,9980.0,4989.999999999999,9979.999999999998,1.8189894035458565e-12,2.8875515394065623,2395.1999999999994,3.421714285714285,5.34642857142857,REDPE_2020,,mid,5.345000000000001,8784,1990,SFH,lad,D,2,34.0
1480196,10,7,Maule,7304,7403,Longaví,2024,CL.SFH.RT2.lad.D,43.0,1,18.2,3679.6779941163873,85.57390683991598,coverage_mid,0.5,5519.516991174581,2759.758495587291,5519.516991174582,0.0,919.9194985290969,1324.6840778818996,1.892405825545571,2.9568841024149544,coverage_sensitivity,0.75,,,8784,2011,SFH,lad,D,8,43.0
1480196,10,7,Maule,7304,7403,Longaví,2024,CL.SFH.RT2.lad.D,43.0,1,18.2,3679.6779941163873,85.57390683991598,redpe_mid,0.5,9980.0,3679.6779941163873,7359.3559882327745,2620.6440117672255,0.0,1766.2454371758658,2.5232077673940942,3.942512136553272,REDPE_2020,,mid,5.345000000000001,8784,2011,SFH,lad,D,8,43.0
1902270,1,8,Biobio,8301,8202,Arauco,2024,CL.SFH.RT2.mad.E,65.0,1,2.823529411764706,5814.568591773079,89.45490141189352,coverage_mid,0.5,8721.852887659617,4360.926443829809,8721.852887659617,0.0,1453.6421479432702,2093.244693038308,2.9903495614832973,4.672421189817652,coverage_sensitivity,0.75,,,8784,2011,SFH,mad,E,3,65.0
1902270,1,8,Biobio,8301,8202,Arauco,2024,CL.SFH.RT2.mad.E,65.0,1,2.823529411764706,5814.568591773079,89.45490141189352,redpe_mid,0.5,13334.999999999998,5814.568591773079,11629.137183546158,1705.8628164538404,0.0,2790.992924051078,3.987132748644397,6.2298949197568705,REDPE_2020,,mid,7.145,8784,2011,SFH,mad,E,3,65.0
1867724,2,8,Biobio,8211,8103,Chiguayante,2024,CL.SFH.preRT.mad.E,40.0,1,3.5179856115107913,3241.3377030623396,81.03344257655849,coverage_mid,0.5,4862.0065545935095,2431.003277296755,4862.00655459351,0.0,810.334425765584,1166.8815731024426,1.6669736758606324,2.604646368532238,coverage_sensitivity,0.75,,,8784,1990,SFH,mad,E,4,40.0
1867724,2,8,Biobio,8211,8103,Chiguayante,2024,CL.SFH.preRT.mad.E,40.0,1,3.5179856115107913,3241.3377030623396,81.03344257655849,redpe_mid,0.5,13334.999999999998,3241.3377030623396,6482.675406124679,6852.324593875319,0.0,1555.842097469923,2.2226315678141755,3.472861824709649,REDPE_2020,,mid,7.145,8784,1990,SFH,mad,E,4,40.0
1922398,3,8,Biobio,8305,8203,Cañete,2024,CL.SFH.RT2.mad.E,72.0,1,5.875,5913.20158420423,82.12779978061431,coverage_mid,0.5,8869.802376306345,4434.901188153172,8869.802376306345,0.0,1478.3003960510578,2128.752570313523,3.0410751004478898,4.751679844449828,coverage_sensitivity,0.75,,,8784,2011,SFH,mad,E,6,72.0
1922398,3,8,Biobio,8305,8203,Cañete,2024,CL.SFH.RT2.mad.E,72.0,1,5.875,5913.20158420423,82.12779978061431,redpe_mid,0.5,13334.999999999998,5913.20158420423,11826.40316840846,1508.596831591538,0.0,2838.3367604180307,4.054766800597187,6.335573125933104,REDPE_2020,,mid,7.145,8784,2011,SFH,mad,E,6,72.0
2030462,4,8,Biobio,8414,8314,Alto Biobío,2024,CL.SFH.CEV.mad.F,55.0,1,5.090909090909091,9888.558407641842,179.79197104803347,coverage_mid,0.5,14832.837611462763,7416.41880573138,14832.83761146276,1.8189894035458565e-12,2472.1396019104604,3559.8810267510626,5.0855443239300895,7.946163006140765,coverage_sensitivity,0.75,,,8784,2018,SFH,mad,F,5,55.0
2030462,4,8,Biobio,8414,8314,Alto Biobío,2024,CL.SFH.CEV.mad.F,55.0,1,5.090909090909091,9888.558407641842,179.79197104803347,redpe_mid,0.5,13334.999999999998,6667.499999999998,13334.999999999996,1.8189894035458565e-12,3221.058407641842,3200.399999999999,4.571999999999999,7.143749999999999,REDPE_2020,,mid,7.145,8784,2018,SFH,mad,F,5,55.0
1708760,5,8,Biobio,8203,8105,Hualqui,2024,CL.SFH.RT2.lad.E,63.0,1,3.0,7000.30693371971,111.11598307491603,coverage_mid,0.5,10500.460400579566,5250.230200289783,10500.460400579566,0.0,1750.0767334299271,2520.110496139096,3.60015785162728,5.625246643167625,coverage_sensitivity,0.75,,,8784,2011,SFH,lad,E,3,63.0
1708760,5,8,Biobio,8203,8105,Hualqui,2024,CL.SFH.RT2.lad.E,63.0,1,3.0,7000.30693371971,111.11598307491603,redpe_mid,0.5,13334.999999999998,6667.5,13335.0,0.0,332.8069337197112,3200.4,4.572,7.14375,REDPE_2020,,mid,7.145,8784,2011,SFH,lad,E,3,63.0
1808654,6,8,Biobio,8208,8106,Lota,2024,CL.SFH.preRT.lad.E,48.0,1,3.2133333333333334,6017.628537192673,125.36726119151403,coverage_mid,0.5,9026.44280578901,4513.221402894506,9026.442805789013,0.0,1504.4071342981679,2166.346273389363,3.0947803905562328,4.835594360244114,coverage_sensitivity,0.75,,,8784,1990,SFH,lad,E,3,48.0
1808654,6,8,Biobio,8208,8106,Lota,2024,CL.SFH.preRT.lad.E,48.0,1,3.2133333333333334,6017.628537192673,125.36726119151403,redpe_mid,0.5,13334.999999999998,6017.628537192673,12035.257074385347,1299.7429256146515,0.0,2888.4616978524837,4.126373854074977,6.447459146992151,REDPE_2020,,mid,7.145,8784,1990,SFH,lad,E,3,48.0
2030191,7,8,Biobio,8413,8302,Antuco,2024,CL.SFH.preRT.mad.F,86.0,1,2.0,14496.809028158315,168.56754683905018,coverage_mid,0.5,21745.213542237474,10872.606771118735,21745.21354223747,3.637978807091713e-12,3624.202257039578,5218.851250136993,7.45550178590999,11.64922154048436,coverage_sensitivity,0.75,,,8784,1990,SFH,mad,F,2,86.0
2030191,7,8,Biobio,8413,8302,Antuco,2024,CL.SFH.preRT.mad.F,86.0,1,2.0,14496.809028158315,168.56754683905018,redpe_mid,0.5,13334.999999999998,6667.499999999999,13334.999999999998,0.0,7829.309028158315,3200.3999999999996,4.571999999999999,7.143749999999999,REDPE_2020,,mid,7.145,8784,1990,SFH,mad,F,2,86.0
2017726,8,8,Biobio,8410,8303,Cabrero,2024,CL.SFH.preRT.mad.F,42.0,1,3.6666666666666665,3818.024472778384,90.90534458996152,coverage_mid,0.5,5727.036709167576,2863.518354583788,5727.036709167576,0.0,954.5061181945958,1374.4888102002183,1.963555443143169,3.0680553799112014,coverage_sensitivity,0.75,,,8784,1990,SFH,mad,F,4,42.0
2017726,8,8,Biobio,8410,8303,Cabrero,2024,CL.SFH.preRT.mad.F,42.0,1,3.6666666666666665,3818.024472778384,90.90534458996152,redpe_mid,0.5,13334.999999999998,3818.024472778384,7636.048945556768,5698.9510544432305,0.0,1832.6517469336243,2.6180739241908917,4.0907405065482685,REDPE_2020,,mid,7.145,8784,1990,SFH,mad,F,4,42.0
1928409,9,8,Biobio,8306,8204,Contulmo,2024,CL.SFH.RT1.lad.E,6.0,1,3.46,1153.4499556094484,192.2416592682414,coverage_mid,0.5,1730.1749334141725,865.0874667070864,1730.1749334141728,0.0,288.3624889023619,415.24198401940146,0.5932028343134307,0.9268794286147354,coverage_sensitivity,0.75,,,8784,2003,SFH,lad,E,3,6.0
1928409,9,8,Biobio,8306,8204,Contulmo,2024,CL.SFH.RT1.lad.E,6.0,1,3.46,1153.4499556094484,192.2416592682414,redpe_mid,0.5,13334.999999999998,1153.4499556094484,2306.8999112188967,11028.100088781102,0.0,553.6559786925352,0.7909371124179074,1.2358392381529804,REDPE_2020,,mid,7.145,8784,2003,SFH,lad,E,3,6.0
1671402,10,8,Biobio,8201,8101,Concepción,2024,CL.SFH.preRT.lad.E,302.0,1,3.324324324324324,36668.82882006177,121.41996298033698,coverage_mid,0.5,55003.24323009265,27501.621615046322,55003.243230092645,7.275957614183426e-12,9167.207205015442,13200.778375222235,18.85825482174605,29.466023158978203,coverage_sensitivity,0.75,,,8784,1990,SFH,lad,E,3,302.0
1671402,10,8,Biobio,8201,8101,Concepción,2024,CL.SFH.preRT.lad.E,302.0,1,3.324324324324324,36668.82882006177,121.41996298033698,redpe_mid,0.5,13334.999999999998,6667.499999999998,13334.999999999996,1.8189894035458565e-12,30001.328820061768,3200.399999999999,4.571999999999999,7.143749999999999,REDPE_2020,,mid,7.145,8784,1990,SFH,lad,E,3,302.0
2205143,1,9,Araucania,9209,9102,Carahue,2024,CL.SFH.preRT.mad.E,58.0,1,2.0,7006.616827209978,120.80373840017202,coverage_mid,0.5,10509.925240814966,5254.962620407483,10509.925240814966,0.0,1751.6542068024946,2522.382057795592,3.6034029397079888,5.6303170932937325,coverage_sensitivity,0.75,,,8784,1990,SFH,mad,E,2,58.0
2205143,1,9,Araucania,9209,9102,Carahue,2024,CL.SFH.preRT.mad.E,58.0,1,2.0,7006.616827209978,120.80373840017202,redpe_mid,0.5,20640.0,7006.616827209978,14013.233654419955,6626.766345580045,0.0,3363.1760770607893,4.804537252943985,7.507089457724976,REDPE_2020,,mid,11.055,8784,1990,SFH,mad,E,2,58.0
2052242,2,9,Araucania,9104,9209,Renaico,2024,CL.SFH.post2021.mad.F,59.0,1,31.555555555555557,3885.8803445534722,65.86237872124529,coverage_mid,0.5,5828.820516830208,2914.410258415104,5828.820516830208,0.0,971.4700861383678,1398.91692403925,1.9984527486275,3.122582419730469,coverage_sensitivity,0.75,,,8784,2022,SFH,mad,F,8,59.0
2052242,2,9,Araucania,9104,9209,Renaico,2024,CL.SFH.post2021.mad.F,59.0,1,31.555555555555557,3885.8803445534722,65.86237872124529,redpe_mid,0.5,20640.0,3885.8803445534722,7771.7606891069445,12868.239310893056,0.0,1865.2225653856667,2.6646036648366667,4.163443226307291,REDPE_2020,,mid,11.055,8784,2022,SFH,mad,F,8,59.0
2208792,3,9,Araucania,9211,9114,Pitrufquén,2024,CL.SFH.RT1.mad.F,145.0,1,14.1875,11327.024694856656,78.11741168866659,coverage_mid,0.5,16990.537042284985,8495.268521142492,16990.537042284985,0.0,2831.756173714166,4077.7288901483967,5.825326985926281,9.102073415509814,coverage_sensitivity,0.75,,,8784,2003,SFH,mad,F,8,145.0
2208792,3,9,Araucania,9211,9114,Pitrufquén,2024,CL.SFH.RT1.mad.F,145.0,1,14.1875,11327.024694856656,78.11741168866659,redpe_mid,0.5,20640.0,10320.0,20640.0,0.0,1007.0246948566581,4953.6,7.076571428571429,11.057142857142859,REDPE_2020,,mid,11.055,8784,2003,SFH,mad,F,8,145.0
2208015,4,9,Araucania,9210,9116,Saavedra,2024,CL.SFH.preRT.mad.E,98.0,1,3.909090909090909,8266.819909709164,84.35530520111392,coverage_mid,0.5,12400.229864563746,6200.114932281873,12400.229864563746,0.0,2066.704977427291,2976.0551674952994,4.251507382136142,6.642980284587723,coverage_sensitivity,0.75,,,8784,1990,SFH,mad,E,4,98.0
2208015,4,9,Araucania,9210,9116,Saavedra,2024,CL.SFH.preRT.mad.E,98.0,1,3.909090909090909,8266.819909709164,84.35530520111392,redpe_mid,0.5,20640.0,8266.819909709164,16533.639819418328,4106.3601805816725,0.0,3968.0735566603985,5.668676509514855,8.85730704611696,REDPE_2020,,mid,11.055,8784,1990,SFH,mad,E,4,98.0
2062104,5,9,Araucania,9106,9204,Ercilla,2024,CL.SFH.CEV.mad.F,53.0,1,2.5454545454545454,6091.853770609383,114.94063718130911,coverage_mid,0.5,9137.780655914074,4568.890327957035,9137.78065591407,3.637978807091713e-12,1522.9634426523476,2193.067357419377,3.132953367741967,4.895239637096823,coverage_sensitivity,0.75,,,8784,2018,SFH,mad,F,3,53.0
2062104,5,9,Araucania,9106,9204,Ercilla,2024,CL.SFH.CEV.mad.F,53.0,1,2.5454545454545454,6091.853770609383,114.94063718130911,redpe_mid,0.5,20640.0,6091.853770609383,12183.707541218766,8456.292458781234,0.0,2924.089809892504,4.177271156989291,6.526986182795767,REDPE_2020,,mid,11.055,8784,2018,SFH,mad,F,3,53.0
2063485,6,9,Araucania,9107,9210,Traiguén,2024,CL.SFH.preRT.lad.F,25.0,1,3.6,1984.8477880830292,79.39391152332117,coverage_mid,0.5,2977.271682124544,1488.635841062272,2977.271682124544,0.0,496.2119470207572,714.5452037098906,1.020778862442701,1.5949669725667204,coverage_sensitivity,0.75,,,8784,1990,SFH,lad,F,4,25.0
2063485,6,9,Araucania,9107,9210,Traiguén,2024,CL.SFH.preRT.lad.F,25.0,1,3.6,1984.8477880830292,79.39391152332117,redpe_mid,0.5,20640.0,1984.8477880830292,3969.6955761660583,16670.304423833943,0.0,952.7269382798539,1.3610384832569342,2.1266226300889595,REDPE_2020,,mid,11.055,8784,1990,SFH,lad,F,4,25.0
2222390,7,9,Araucania,9214,9109,Loncoche,2024,CL.SFH.RT2.mad.F,55.0,1,2.710526315789474,6972.42357227456,126.77133767771927,coverage_mid,0.5,10458.63535841184,5229.31767920592,10458.63535841184,0.0,1743.1058930686386,2510.072486018842,3.5858178371697744,5.6028403705777725,coverage_sensitivity,0.75,,,8784,2011,SFH,mad,F,3,55.0
2222390,7,9,Araucania,9214,9109,Loncoche,2024,CL.SFH.RT2.mad.F,55.0,1,2.710526315789474,6972.42357227456,126.77133767771927,redpe_mid,0.5,20640.0,6972.42357227456,13944.84714454912,6695.15285545088,0.0,3346.7633146917888,4.781090449559699,7.470453827437029,REDPE_2020,,mid,11.055,8784,2011,SFH,mad,F,3,55.0
2256413,8,9,Araucania,9218,9104,Curarrehue,2024,CL.SFH.preRT.mad.H,25.0,1,2.142857142857143,3063.6269612933866,122.54507845173546,coverage_mid,0.5,4595.44044194008,2297.72022097004,4595.44044194008,0.0,765.9067403233466,1102.9057060656191,1.5755795800937415,2.461843093896471,coverage_sensitivity,0.75,,,8784,1990,SFH,mad,H,2,25.0
2256413,8,9,Araucania,9218,9104,Curarrehue,2024,CL.SFH.preRT.mad.H,25.0,1,2.142857142857143,3063.6269612933866,122.54507845173546,redpe_mid,0.5,20640.0,3063.6269612933866,6127.253922586773,14512.746077413227,0.0,1470.5409414208257,2.1007727734583224,3.282457458528629,REDPE_2020,,mid,11.055,8784,1990,SFH,mad,H,2,25.0
2254048,9,9,Araucania,9216,9115,Pucón,2024,CL.SFH.CEV.mad.H,127.0,1,4.37037037037037,9037.738949071081,71.16329881158332,coverage_mid,0.5,13556.608423606622,6778.30421180331,13556.60842360662,1.8189894035458565e-12,2259.4347372677703,3253.5860216655888,4.6479800309508414,7.26246879836069,coverage_sensitivity,0.75,,,8784,2018,SFH,mad,H,4,127.0
2254048,9,9,Araucania,9216,9115,Pucón,2024,CL.SFH.CEV.mad.H,127.0,1,4.37037037037037,9037.738949071081,71.16329881158332,redpe_mid,0.5,20640.0,9037.738949071081,18075.477898142162,2564.5221018578377,0.0,4338.114695554119,6.197306707934455,9.683291731147586,REDPE_2020,,mid,11.055,8784,2018,SFH,mad,H,4,127.0
2106509,10,9,Araucania,9201,9101,Temuco,2024,CL.SFH.preRT.mad.F,37.0,1,3.5555555555555554,4715.098019431647,127.43508160626074,coverage_mid,0.5,7072.647029147471,3536.3235145737353,7072.647029147471,0.0,1178.7745048579118,1697.4352869953932,2.424907552850562,3.788918051329003,coverage_sensitivity,0.75,,,8784,1990,SFH,mad,F,4,37.0
2106509,10,9,Araucania,9201,9101,Temuco,2024,CL.SFH.preRT.mad.F,37.0,1,3.5555555555555554,4715.098019431647,127.43508160626074,redpe_mid,0.5,20640.0,4715.098019431647,9430.196038863294,11209.803961136706,0.0,2263.247049327191,3.2332100704674156,5.051890735105337,REDPE_2020,,mid,11.055,8784,1990,SFH,mad,F,4,37.0
2542125,1,10,Los Lagos,10503,10402,Futaleufú,2024,CL.SFH.RT2.mad.I,48.0,1,2.25,10459.312208885523,217.90233768511507,coverage_mid,0.5,15688.968313328285,7844.484156664142,15688.968313328283,1.8189894035458565e-12,2614.8280522213827,3765.352395198788,5.379074850283983,8.404804453568723,coverage_sensitivity,0.75,,,8784,2011,SFH,mad,I,2,48.0
2542125,1,10,Los Lagos,10503,10402,Futaleufú,2024,CL.SFH.RT2.mad.I,48.0,1,2.25,10459.312208885523,217.90233768511507,redpe_mid,0.5,30045.0,10459.312208885523,20918.624417771047,9126.375582228953,0.0,5020.4698602650515,7.172099800378645,11.206405938091633,REDPE_2020,,mid,16.1,8784,2011,SFH,mad,I,2,48.0
2503522,2,10,Los Lagos,10307,10108,Maullín,2024,CL.SFH.preRT.mad.G,143.0,1,4.222222222222222,12431.09464339677,86.93073177200537,coverage_mid,0.5,18646.641965095154,9323.320982547577,18646.641965095154,0.0,3107.7736608491923,4475.194071622837,6.393134388032625,9.989272481300976,coverage_sensitivity,0.75,,,8784,1990,SFH,mad,G,4,143.0
2503522,2,10,Los Lagos,10307,10108,Maullín,2024,CL.SFH.preRT.mad.G,143.0,1,4.222222222222222,12431.09464339677,86.93073177200537,redpe_mid,0.5,30045.0,12431.09464339677,24862.18928679354,5182.8107132064615,0.0,5966.925428830449,8.524179184043499,13.319029975067966,REDPE_2020,,mid,16.1,8784,1990,SFH,mad,G,4,143.0
2417895,3,10,Los Lagos,10206,10303,Purranque,2024,CL.SFH.preRT.mad.G,45.0,1,6.5,3857.1820230452945,85.7151560676732,coverage_mid,0.5,5785.773034567942,2892.886517283971,5785.773034567942,0.0,964.295505761324,1388.5855282963062,1.983693611851866,3.0995212685185405,coverage_sensitivity,0.75,,,8784,1990,SFH,mad,G,6,45.0
2417895,3,10,Los Lagos,10206,10303,Purranque,2024,CL.SFH.preRT.mad.G,45.0,1,6.5,3857.1820230452945,85.7151560676732,redpe_mid,0.5,30045.0,3857.1820230452945,7714.364046090589,22330.635953909412,0.0,1851.4473710617415,2.644924815802488,4.132695024691387,REDPE_2020,,mid,16.1,8784,1990,SFH,mad,G,6,45.0
2505442,4,10,Los Lagos,10308,10106,Los Muermos,2024,CL.SFH.preRT.mad.G,72.0,1,5.625,6382.990216508371,88.6526418959496,coverage_mid,0.5,9574.485324762558,4787.242662381279,9574.485324762558,0.0,1595.7475541270924,2297.876477943014,3.282680682775734,5.129188566837085,coverage_sensitivity,0.75,,,8784,1990,SFH,mad,G,6,72.0
2505442,4,10,Los Lagos,10308,10106,Los Muermos,2024,CL.SFH.preRT.mad.G,72.0,1,5.625,6382.990216508371,88.6526418959496,redpe_mid,0.5,30045.0,6382.990216508371,12765.980433016743,17279.019566983257,0.0,3063.8353039240183,4.376907577034312,6.838918089116112,REDPE_2020,,mid,16.1,8784,1990,SFH,mad,G,6,72.0
2538086,5,10,Los Lagos,10407,10209,Quemchi,2024,CL.SFH.RT1.mad.G,70.0,1,5.421052631578948,6163.3154429913,88.0473634713043,coverage_mid,0.5,9244.97316448695,4622.486582243475,9244.97316448695,0.0,1540.8288607478244,2218.7935594768683,3.169705084966955,4.9526641952608665,coverage_sensitivity,0.75,,,8784,2003,SFH,mad,G,5,70.0
2538086,5,10,Los Lagos,10407,10209,Quemchi,2024,CL.SFH.RT1.mad.G,70.0,1,5.421052631578948,6163.3154429913,88.0473634713043,redpe_mid,0.5,30045.0,6163.3154429913,12326.6308859826,17718.369114017398,0.0,2958.391412635824,4.2262734466226055,6.603552260347821,REDPE_2020,,mid,16.1,8784,2003,SFH,mad,G,5,70.0
2528452,6,10,Los Lagos,10405,10206,Puqueldón,2024,CL.SFH.CEV.mad.G,63.0,1,16.181818181818183,3478.3613152149364,55.212084368491055,coverage_mid,0.5,5217.541972822404,2608.770986411202,5217.541972822404,0.0,869.5903288037343,1252.2100734773771,1.78887153353911,2.7951117711548594,coverage_sensitivity,0.75,,,8784,2018,SFH,mad,G,8,63.0
2528452,6,10,Los Lagos,10405,10206,Puqueldón,2024,CL.SFH.CEV.mad.G,63.0,1,16.181818181818183,3478.3613152149364,55.212084368491055,redpe_mid,0.5,30045.0,3478.3613152149364,6956.722630429873,23088.277369570125,0.0,1669.6134313031696,2.3851620447188138,3.7268156948731463,REDPE_2020,,mid,16.1,8784,2018,SFH,mad,G,8,63.0
2540452,7,10,Los Lagos,10501,10401,Chaitén,2024,CL.SFH.RT1.mad.G,54.0,1,1.8461538461538463,10510.31591060285,194.6354798259787,coverage_mid,0.5,15765.473865904276,7882.736932952138,15765.473865904276,0.0,2627.5789776507127,3783.713727817026,5.405305325452894,8.445789571020146,coverage_sensitivity,0.75,,,8784,2003,SFH,mad,G,2,54.0
2540452,7,10,Los Lagos,10501,10401,Chaitén,2024,CL.SFH.RT1.mad.G,54.0,1,1.8461538461538463,10510.31591060285,194.6354798259787,redpe_mid,0.5,30045.0,10510.31591060285,21020.6318212057,9024.368178794299,0.0,5044.951637089369,7.207073767270527,11.2610527613602,REDPE_2020,,mid,16.1,8784,2003,SFH,mad,G,2,54.0
2539513,8,10,Los Lagos,10410,10204,Curaco de Vélez,2024,CL.SFH.preRT.mad.G,90.0,1,3.142857142857143,8830.461315713472,98.1162368412608,coverage_mid,0.5,13245.691973570207,6622.845986785102,13245.691973570203,3.637978807091713e-12,2207.61532892837,3178.966073656849,4.54138010522407,7.0959064144126085,coverage_sensitivity,0.75,,,8784,1990,SFH,mad,G,3,90.0
2539513,8,10,Los Lagos,10410,10204,Curaco de Vélez,2024,CL.SFH.preRT.mad.G,90.0,1,3.142857142857143,8830.461315713472,98.1162368412608,redpe_mid,0.5,30045.0,8830.461315713472,17660.922631426944,12384.077368573056,0.0,4238.621431542467,6.055173473632095,9.461208552550149,REDPE_2020,,mid,16.1,8784,1990,SFH,mad,G,3,90.0
2493208,9,10,Los Lagos,10304,10104,Fresia,2024,CL.SFH.preRT.mad.G,147.0,1,2.508771929824561,15102.946856054397,102.74113507519998,coverage_mid,0.5,22654.420284081596,11327.2101420408,22654.4202840816,0.0,3775.7367140135993,5437.060868179584,7.7672298116851195,12.136296580758,coverage_sensitivity,0.75,,,8784,1990,SFH,mad,G,3,147.0
2493208,9,10,Los Lagos,10304,10104,Fresia,2024,CL.SFH.preRT.mad.G,147.0,1,2.508771929824561,15102.946856054397,102.74113507519998,redpe_mid,0.5,30045.0,15022.500000000002,30045.000000000004,0.0,80.44685605439737,7210.800000000001,10.301142857142858,16.095535714285717,REDPE_2020,,mid,16.1,8784,1990,SFH,mad,G,3,147.0
2412585,10,10,Los Lagos,10202,10307,San Pablo,2024,CL.SFH.post2021.mad.G,64.0,1,4.6,4052.3001105442413,63.31718922725377,coverage_mid,0.5,6078.450165816362,3039.2250829081813,6078.450165816363,0.0,1013.0750276360601,1458.8280397959272,2.0840400568513244,3.2563125888301943,coverage_sensitivity,0.75,,,8784,2022,SFH,mad,G,5,64.0
2412585,10,10,Los Lagos,10202,10307,San Pablo,2024,CL.SFH.post2021.mad.G,64.0,1,4.6,4052.3001105442413,63.31718922725377,redpe_mid,0.5,30045.0,4052.3001105442413,8104.600221088483,21940.399778911516,0.0,1945.1040530612358,2.7787200758017656,4.341750118440259,REDPE_2020,,mid,16.1,8784,2022,SFH,mad,G,5,64.0
2551775,1,11,Aysen,11104,11203,Guaitecas,2024,CL.SFH.preRT.mad.I,35.0,1,2.4545454545454546,3625.4349082911026,103.58385452260293,coverage_mid,0.5,5438.152362436654,2719.0761812183273,5438.152362436655,0.0,906.3587270727753,1305.1565669847973,1.8645093814068534,2.9132959084482084,coverage_sensitivity,0.75,,,8784,1990,SFH,mad,I,2,35.0
2551775,1,11,Aysen,11104,11203,Guaitecas,2024,CL.SFH.preRT.mad.I,35.0,1,2.4545454545454546,3625.4349082911026,103.58385452260293,redpe_mid,0.5,46410.0,3625.4349082911026,7250.869816582205,39159.130183417794,0.0,1740.2087559797292,2.4860125085424705,3.88439454459761,REDPE_2020,,mid,24.865,8784,1990,SFH,mad,I,2,35.0
2555560,2,11,Aysen,11303,11303,Tortel,2024,CL.SFH.preRT.mad.I,28.0,1,1.8,9443.87763523171,337.2813441154182,coverage_mid,0.5,14165.816452847566,7082.908226423784,14165.816452847568,0.0,2360.9694088079277,3399.7959486834166,4.856851355262024,7.588830242596912,coverage_sensitivity,0.75,,,8784,1990,SFH,mad,I,2,28.0
2555560,2,11,Aysen,11303,11303,Tortel,2024,CL.SFH.preRT.mad.I,28.0,1,1.8,9443.87763523171,337.2813441154182,redpe_mid,0.5,46410.0,9443.87763523171,18887.75527046342,27522.24472953658,0.0,4533.061264911221,6.47580180701603,10.118440323462547,REDPE_2020,,mid,24.865,8784,1990,SFH,mad,I,2,28.0
2555513,3,11,Aysen,11302,11302,O'Higgins,2024,CL.SFH.RT2.mad.I,32.0,1,1.9230769230769231,9990.048596298047,312.189018634314,coverage_mid,0.5,14985.072894447072,7492.536447223537,14985.072894447074,0.0,2497.5121490745096,3596.417494667298,5.13773927809614,8.027717622025218,coverage_sensitivity,0.75,,,8784,2011,SFH,mad,I,2,32.0
2555513,3,11,Aysen,11302,11302,O'Higgins,2024,CL.SFH.RT2.mad.I,32.0,1,1.9230769230769231,9990.048596298047,312.189018634314,redpe_mid,0.5,46410.0,9990.048596298047,19980.097192596095,26429.902807403905,0.0,4795.223326223063,6.850319037461518,10.703623496033622,REDPE_2020,,mid,24.865,8784,2011,SFH,mad,I,2,32.0
2560008,4,11,Aysen,11401,11101,Coihaique,2024,CL.SFH.preRT.lad.I,22.0,1,2.1219512195121952,7084.114827693684,322.005219440622,coverage_mid,0.5,10626.172241540526,5313.086120770263,10626.172241540526,0.0,1771.028706923421,2550.2813379697263,3.643259054242466,5.692592272253854,coverage_sensitivity,0.75,,,8784,1990,SFH,lad,I,2,22.0
2560008,4,11,Aysen,11401,11101,Coihaique,2024,CL.SFH.preRT.lad.I,22.0,1,2.1219512195121952,7084.114827693684,322.005219440622,redpe_mid,0.5,46410.0,7084.114827693684,14168.229655387368,32241.770344612632,0.0,3400.3751172929683,4.8576787389899545,7.590123029671804,REDPE_2020,,mid,24.865,8784,1990,SFH,lad,I,2,22.0
2545315,5,11,Aysen,11101,11201,Aisén,2024,CL.SFH.preRT.mad.I,49.0,1,2.5454545454545454,13149.272642806287,268.352502914414,coverage_mid,0.5,19723.90896420943,9861.954482104713,19723.908964209426,3.637978807091713e-12,3287.318160701572,4733.738151410263,6.762483073443232,10.566379802255051,coverage_sensitivity,0.75,,,8784,1990,SFH,mad,I,3,49.0
2545315,5,11,Aysen,11101,11201,Aisén,2024,CL.SFH.preRT.mad.I,49.0,1,2.5454545454545454,13149.272642806287,268.352502914414,redpe_mid,0.5,46410.0,13149.272642806287,26298.545285612574,20111.454714387426,0.0,6311.650868547018,9.016644097924312,14.088506403006736,REDPE_2020,,mid,24.865,8784,1990,SFH,mad,I,3,49.0
2550218,6,11,Aysen,11102,11202,Cisnes,2024,CL.SFH.CEV.mad.I,48.0,1,3.1052631578947367,9408.929743181649,196.0193696496177,coverage_mid,0.5,14113.394614772473,7056.697307386237,14113.394614772475,0.0,2352.232435795412,3387.2147075453936,4.838878153636276,7.560747115056682,coverage_sensitivity,0.75,,,8784,2018,SFH,mad,I,3,48.0
2550218,6,11,Aysen,11102,11202,Cisnes,2024,CL.SFH.CEV.mad.I,48.0,1,3.1052631578947367,9408.929743181649,196.0193696496177,redpe_mid,0.5,46410.0,9408.929743181649,18817.859486363297,27592.140513636703,0.0,4516.286276727191,6.451837538181701,10.080996153408908,REDPE_2020,,mid,24.865,8784,2018,SFH,mad,I,3,48.0
2554083,7,11,Aysen,11203,11402,Río Ibáñez,2024,CL.SFH.post2021.mad.I,42.0,1,2.4,13449.05269432603,320.21554034109596,coverage_mid,0.5,20173.579041489043,10086.78952074452,20173.57904148904,3.637978807091713e-12,3362.2631735815075,4841.65896995737,6.916655671367671,10.807274486511986,coverage_sensitivity,0.75,,,8784,2022,SFH,mad,I,2,42.0
2554083,7,11,Aysen,11203,11402,Río Ibáñez,2024,CL.SFH.post2021.mad.I,42.0,1,2.4,13449.05269432603,320.21554034109596,redpe_mid,0.5,46410.0,13449.05269432603,26898.10538865206,19511.89461134794,0.0,6455.545293276495,9.222207561823565,14.40969931534932,REDPE_2020,,mid,24.865,8784,2022,SFH,mad,I,2,42.0
2552015,8,11,Aysen,11201,11401,Chile Chico,2024,CL.SFH.preRT.mad.I,36.0,1,1.45,8262.876702373753,229.52435284371535,coverage_mid,0.5,12394.31505356063,6197.157526780315,12394.31505356063,0.0,2065.719175593438,2974.6356128545513,4.249479446935073,6.639811635836051,coverage_sensitivity,0.75,,,8784,1990,SFH,mad,I,1,36.0
2552015,8,11,Aysen,11201,11401,Chile Chico,2024,CL.SFH.preRT.mad.I,36.0,1,1.45,8262.876702373753,229.52435284371535,redpe_mid,0.5,46410.0,8262.876702373753,16525.753404747506,29884.246595252494,0.0,3966.1808171394014,5.665972595913431,8.853082181114734,REDPE_2020,,mid,24.865,8784,1990,SFH,mad,I,1,36.0
2570135,9,11,Aysen,11402,11102,Lago Verde,2024,CL.SFH.preRT.mad.I,24.0,1,2.185185185185185,7399.949505388984,308.33122939120767,coverage_mid,0.5,11099.924258083476,5549.962129041738,11099.924258083476,0.0,1849.987376347246,2663.9818219400345,3.805688317057192,5.946387995401863,coverage_sensitivity,0.75,,,8784,1990,SFH,mad,I,2,24.0
2570135,9,11,Aysen,11402,11102,Lago Verde,2024,CL.SFH.preRT.mad.I,24.0,1,2.185185185185185,7399.949505388984,308.33122939120767,redpe_mid,0.5,46410.0,7399.949505388984,14799.899010777968,31610.10098922203,0.0,3551.9757625867123,5.074251089409589,7.928517327202483,REDPE_2020,,mid,24.865,8784,1990,SFH,mad,I,2,24.0
2554774,10,11,Aysen,11301,11301,Cochrane,2024,CL.SFH.preRT.mad.I,49.0,1,2.2222222222222223,10807.185126666598,220.55479850339995,coverage_mid,0.5,16210.777689999897,8105.388844999948,16210.777689999895,1.8189894035458565e-12,2701.7962816666495,3890.5866455999753,5.557980922285679,8.684345191071372,coverage_sensitivity,0.75,,,8784,1990,SFH,mad,I,2,49.0
2554774,10,11,Aysen,11301,11301,Cochrane,2024,CL.SFH.preRT.mad.I,49.0,1,2.2222222222222223,10807.185126666598,220.55479850339995,redpe_mid,0.5,46410.0,10807.185126666598,21614.370253333196,24795.629746666804,0.0,5187.448860799967,7.410641229714239,11.579126921428498,REDPE_2020,,mid,24.865,8784,1990,SFH,mad,I,2,49.0
2577343,1,12,Magallanes,12101,12401,Natales,2024,CL.SFH.preRT.mad.I,76.0,1,3.0384615384615383,17910.3373687088,235.66233379879998,coverage_mid,0.5,26865.506053063196,13432.753026531598,26865.506053063196,0.0,4477.584342177201,6447.721452735167,9.211030646764524,14.392235385569569,coverage_sensitivity,0.75,,,8784,1990,SFH,mad,I,3,76.0
2577343,1,12,Magallanes,12101,12401,Natales,2024,CL.SFH.preRT.mad.I,76.0,1,3.0384615384615383,17910.3373687088,235.66233379879998,redpe_mid,0.5,43580.0,17910.3373687088,35820.6747374176,7759.3252625824025,0.0,8596.961936980224,12.281374195686034,19.18964718075943,REDPE_2020,,mid,23.345,8784,1990,SFH,mad,I,3,76.0
2593509,2,12,Magallanes,12205,12101,Punta Arenas,2024,CL.SFH.CEV.mad.I,101.0,1,2.4352941176470586,19155.00551946237,189.65351999467694,coverage_mid,0.5,28732.508279193557,14366.254139596778,28732.508279193557,0.0,4788.751379865593,6895.8019870064545,9.851145695723506,15.392415149567977,coverage_sensitivity,0.75,,,8784,2018,SFH,mad,I,2,101.0
2593509,2,12,Magallanes,12205,12101,Punta Arenas,2024,CL.SFH.CEV.mad.I,101.0,1,2.4352941176470586,19155.00551946237,189.65351999467694,redpe_mid,0.5,43580.0,19155.00551946237,38310.01103892474,5269.988961075258,0.0,9194.402649341939,13.13486092763134,20.523220199423967,REDPE_2020,,mid,23.345,8784,2018,SFH,mad,I,2,101.0
2614773,3,12,Magallanes,12301,12301,Porvenir,2024,CL.SFH.preRT.mad.I,96.0,1,4.0,16518.94824030586,172.07237750318606,coverage_mid,0.5,24778.42236045879,12389.211180229395,24778.42236045879,0.0,4129.737060076466,5946.821366510109,8.495459095014441,13.274154835960063,coverage_sensitivity,0.75,,,8784,1990,SFH,mad,I,4,96.0
2614773,3,12,Magallanes,12301,12301,Porvenir,2024,CL.SFH.preRT.mad.I,96.0,1,4.0,16518.94824030586,172.07237750318606,redpe_mid,0.5,43580.0,16518.94824030586,33037.89648061172,10542.103519388278,0.0,7929.095155346814,11.327278793352592,17.698873114613423,REDPE_2020,,mid,23.345,8784,1990,SFH,mad,I,4,96.0
2614434,4,12,Magallanes,12206,12102,Laguna Blanca,2024,CL.SFH.preRT.mad.I,59.0,1,0.3,12517.762062822123,212.1654586919004,coverage_mid,0.5,18776.643094233186,9388.321547116593,18776.643094233186,0.0,3129.4405157055317,4506.394342615965,6.4377062037370925,10.058915943339207,coverage_sensitivity,0.75,,,8784,1990,SFH,mad,I,1,59.0
2614434,4,12,Magallanes,12206,12102,Laguna Blanca,2024,CL.SFH.preRT.mad.I,59.0,1,0.3,12517.762062822123,212.1654586919004,redpe_mid,0.5,43580.0,12517.762062822123,25035.524125644246,18544.475874355754,0.0,6008.525790154619,8.583608271649457,13.411887924452275,REDPE_2020,,mid,23.345,8784,1990,SFH,mad,I,1,59.0
2577414,5,12,Magallanes,12103,12402,Torres del Paine,2024,CL.SFH.CEV.mad.I,390.0,1,3.0,45356.71154411781,116.29926036953285,coverage_mid,0.5,68035.06731617672,34017.53365808836,68035.06731617672,0.0,11339.177886029445,16328.416155882413,23.326308794117733,36.447357490808955,coverage_sensitivity,0.75,,,8784,2018,SFH,mad,I,3,390.0
2577414,5,12,Magallanes,12103,12402,Torres del Paine,2024,CL.SFH.CEV.mad.I,390.0,1,3.0,45356.71154411781,116.29926036953285,redpe_mid,0.5,43580.0,21790.000000000007,43580.000000000015,0.0,23566.711544117807,10459.200000000004,14.941714285714292,23.346428571428582,REDPE_2020,,mid,23.345,8784,2018,SFH,mad,I,3,390.0
2577486,6,12,Magallanes,12204,12104,San Gregorio,2024,CL.SFH.preRT.mad.I,80.0,1,0.46511627906976744,15134.623850504078,189.18279813130098,coverage_mid,0.5,22701.935775756116,11350.967887878058,22701.935775756116,0.0,3783.6559626260205,5448.464586181468,7.783520837402097,12.161751308440776,coverage_sensitivity,0.75,,,8784,1990,SFH,mad,I,1,80.0
2577486,6,12,Magallanes,12204,12104,San Gregorio,2024,CL.SFH.preRT.mad.I,80.0,1,0.46511627906976744,15134.623850504078,189.18279813130098,redpe_mid,0.5,43580.0,15134.623850504078,30269.247701008157,13310.752298991843,0.0,7264.619448241958,10.378027783202796,16.21566841125437,REDPE_2020,,mid,23.345,8784,1990,SFH,mad,I,1,80.0
2616043,7,12,Magallanes,12304,12303,Timaukel,2024,CL.SFH.preRT.mad.I,56.0,1,14.0,12433.107862108689,222.01978325194088,coverage_mid,0.5,18649.66179316303,9324.830896581516,18649.66179316303,0.0,3108.276965527175,4475.918830359127,6.394169757655896,9.990890246337337,coverage_sensitivity,0.75,,,8784,1990,SFH,mad,I,8,56.0
2616043,7,12,Magallanes,12304,12303,Timaukel,2024,CL.SFH.preRT.mad.I,56.0,1,14.0,12433.107862108689,222.01978325194088,redpe_mid,0.5,43580.0,12433.107862108689,24866.215724217378,18713.784275782622,0.0,5967.891773812171,8.52555967687453,13.321186995116452,REDPE_2020,,mid,23.345,8784,1990,SFH,mad,I,8,56.0
2616079,8,12,Magallanes,12401,12201,Cabo de Hornos,2024,CL.SFH.preRT.mad.I,35.0,1,2.4,9859.973866679931,281.71353904799804,coverage_mid,0.5,14789.960800019897,7394.980400009948,14789.960800019897,0.0,2464.993466669983,3549.5905920047753,5.070843702863964,7.9231932857249445,coverage_sensitivity,0.75,,,8784,1990,SFH,mad,I,2,35.0
2616079,8,12,Magallanes,12401,12201,Cabo de Hornos,2024,CL.SFH.preRT.mad.I,35.0,1,2.4,9859.973866679931,281.71353904799804,redpe_mid,0.5,43580.0,9859.973866679931,19719.947733359862,23860.052266640138,0.0,4732.787456006367,6.761124937151953,10.564257714299927,REDPE_2020,,mid,23.345,8784,1990,SFH,mad,I,2,35.0
2616012,9,12,Magallanes,12302,12302,Primavera,2024,CL.SFH.preRT.mad.I,170.0,1,3.796875,24569.197346062312,144.52469027095478,coverage_mid,0.5,36853.79601909347,18426.898009546734,36853.79601909347,0.0,6142.299336515582,8844.911044582434,12.635587206546333,19.743105010228646,coverage_sensitivity,0.75,,,8784,1990,SFH,mad,I,4,170.0
2616012,9,12,Magallanes,12302,12302,Primavera,2024,CL.SFH.preRT.mad.I,170.0,1,3.796875,24569.197346062312,144.52469027095478,redpe_mid,0.5,43580.0,21790.0,43580.0,0.0,2779.197346062316,10459.2,14.941714285714287,23.34642857142857,REDPE_2020,,mid,23.345,8784,1990,SFH,mad,I,4,170.0
2580174,10,12,Magallanes,12205,12101,Punta Arenas,2024,CL.SFH.preRT.mad.I,81.0,1,2.857142857142857,17988.34899414634,222.078382643782,coverage_mid,0.5,26982.523491219512,13491.261745609756,26982.523491219512,0.0,4497.087248536585,6475.805637892683,9.251150911275262,14.454923298867596,coverage_sensitivity,0.75,,,8784,1990,SFH,mad,I,3,81.0
2580174,10,12,Magallanes,12205,12101,Punta Arenas,2024,CL.SFH.preRT.mad.I,81.0,1,2.857142857142857,17988.34899414634,222.078382643782,redpe_mid,0.5,43580.0,17988.34899414634,35976.69798829268,7603.302011707317,0.0,8634.407517190244,12.33486788170035,19.273231065156796,REDPE_2020,,mid,23.345,8784,1990,SFH,mad,I,3,81.0
3136144,1,13,RM,14202,13302,Lampa,2024,CL.SFH.RT2.mad.D,18.0,1,6.0,1298.8640505972378,72.15911392206877,coverage_mid,0.5,1948.2960758958566,974.1480379479283,1948.2960758958566,0.0,324.7160126493095,467.5910582150056,0.6679872260214366,1.0437300406584946,coverage_sensitivity,0.75,,,8784,2011,SFH,mad,D,6,18.0
3136144,1,13,RM,14202,13302,Lampa,2024,CL.SFH.RT2.mad.D,18.0,1,6.0,1298.8640505972378,72.15911392206877,redpe_mid,0.5,5225.0,1298.8640505972378,2597.7281011944756,2627.2718988055244,0.0,623.4547442866741,0.8906496346952487,1.391640054211326,REDPE_2020,,mid,2.795,8784,2011,SFH,mad,D,6,18.0
3121824,2,13,RM,14201,13301,Colina,2024,CL.SFH.RT1.lad.D,50.0,1,3.171875,4999.757787196979,99.99515574393958,coverage_mid,0.5,7499.636680795468,3749.8183403977337,7499.636680795467,9.094947017729282e-13,1249.9394467992447,1799.9128033909121,2.57130400484416,4.017662507569001,coverage_sensitivity,0.75,,,8784,2003,SFH,lad,D,3,50.0
3121824,2,13,RM,14201,13301,Colina,2024,CL.SFH.RT1.lad.D,50.0,1,3.171875,4999.757787196979,99.99515574393958,redpe_mid,0.5,5225.0,2612.4999999999995,5224.999999999999,9.094947017729282e-13,2387.257787196979,1253.9999999999998,1.7914285714285711,2.7991071428571423,REDPE_2020,,mid,2.795,8784,2003,SFH,lad,D,3,50.0
3012166,3,13,RM,14156,13103,Cerro Navia,2024,CL.SFH.preRT.mad.D,55.0,1,4.6875,3737.239710072431,67.94981291040784,coverage_mid,0.5,5605.859565108647,2802.9297825543235,5605.859565108647,0.0,934.309927518108,1345.4062956260752,1.922008993751536,3.003139052736775,coverage_sensitivity,0.75,,,8784,1990,SFH,mad,D,5,55.0
3012166,3,13,RM,14156,13103,Cerro Navia,2024,CL.SFH.preRT.mad.D,55.0,1,4.6875,3737.239710072431,67.94981291040784,redpe_mid,0.5,5225.0,2612.5,5225.0,0.0,1124.7397100724315,1254.0,1.7914285714285714,2.799107142857143,REDPE_2020,,mid,2.795,8784,1990,SFH,mad,D,5,55.0
3676466,4,13,RM,16163,13129,San Joaquín,2024,CL.SFH.preRT.lad.D,105.0,1,5.421052631578948,8206.752294500573,78.15954566191022,coverage_mid,0.5,12310.12844175086,6155.064220875429,12310.128441750858,1.8189894035458565e-12,2051.688073625145,2954.430826020206,4.220615465743151,6.594711665223674,coverage_sensitivity,0.75,,,8784,1990,SFH,lad,D,5,105.0
3676466,4,13,RM,16163,13129,San Joaquín,2024,CL.SFH.preRT.lad.D,105.0,1,5.421052631578948,8206.752294500573,78.15954566191022,redpe_mid,0.5,5225.0,2612.5,5225.0,0.0,5594.252294500575,1254.0,1.7914285714285714,2.799107142857143,REDPE_2020,,mid,2.795,8784,1990,SFH,lad,D,5,105.0
3284385,5,13,RM,15103,13123,Providencia,2024,CL.MFH.preRT.lad.D,52.75,4,8.545454545454545,3069.2265677819187,58.1843899105577,coverage_mid,0.5,4603.839851672878,2301.919925836439,4603.839851672878,0.0,767.3066419454799,1104.9215644014907,1.5784593777164153,2.466342777681899,coverage_sensitivity,0.75,,,8784,1990,MFH,lad,D,2,52.75
3284385,5,13,RM,15103,13123,Providencia,2024,CL.MFH.preRT.lad.D,52.75,4,8.545454545454545,3069.2265677819187,58.1843899105577,redpe_mid,0.5,5225.0,2612.5,5225.0,0.0,456.7265677819187,1254.0,1.7914285714285714,2.799107142857143,REDPE_2020,,mid,2.795,8784,1990,MFH,lad,D,2,52.75
4006486,6,13,RM,16404,13404,Paine,2024,CL.SFH.RT2.mad.D,66.0,1,6.65979381443299,4045.883813555212,61.30126990235169,coverage_mid,0.5,6068.825720332818,3034.412860166409,6068.825720332818,0.0,1011.4709533888027,1456.5181728798764,2.080740246971252,3.251156635892581,coverage_sensitivity,0.75,,,8784,2011,SFH,mad,D,7,66.0
4006486,6,13,RM,16404,13404,Paine,2024,CL.SFH.RT2.mad.D,66.0,1,6.65979381443299,4045.883813555212,61.30126990235169,redpe_mid,0.5,5225.0,2612.5,5225.0,0.0,1433.3838135552114,1254.0,1.7914285714285714,2.799107142857143,REDPE_2020,,mid,2.795,8784,2011,SFH,mad,D,7,66.0
3440779,7,13,RM,15151,13118,Macul,2024,CL.SFH.preRT.lad.D,71.0,1,2.6710526315789473,5885.336348829471,82.8920612511193,coverage_mid,0.5,8828.004523244206,4414.002261622103,8828.004523244206,0.0,1471.3340872073686,2118.7210855786093,3.0267444079694417,4.729288137452253,coverage_sensitivity,0.75,,,8784,1990,SFH,lad,D,3,71.0
3440779,7,13,RM,15151,13118,Macul,2024,CL.SFH.preRT.lad.D,71.0,1,2.6710526315789473,5885.336348829471,82.8920612511193,redpe_mid,0.5,5225.0,2612.5,5225.0,0.0,3272.8363488294717,1254.0,1.7914285714285714,2.799107142857143,REDPE_2020,,mid,2.795,8784,1990,SFH,lad,D,3,71.0
2617391,8,13,RM,13101,13101,Santiago,2024,CL.SFH.preRT.lad.D,158.0,1,1.5060975609756098,9941.399010258418,62.92024690036973,coverage_mid,0.5,14912.098515387626,7456.049257693812,14912.098515387625,1.8189894035458565e-12,2485.3497525646044,3578.90364369303,5.112719490990043,7.988624204671941,coverage_sensitivity,0.75,,,8784,1990,SFH,lad,D,2,158.0
2617391,8,13,RM,13101,13101,Santiago,2024,CL.SFH.preRT.lad.D,158.0,1,1.5060975609756098,9941.399010258418,62.92024690036973,redpe_mid,0.5,5225.0,2612.5,5225.0,0.0,7328.899010258418,1254.0,1.7914285714285714,2.799107142857143,REDPE_2020,,mid,2.795,8784,1990,SFH,lad,D,2,158.0
3966952,9,13,RM,16402,13403,Calera de Tango,2024,CL.SFH.post2021.mad.D,92.0,1,3.4461538461538463,4540.126235825472,49.349198215494255,coverage_mid,0.5,6810.1893537382075,3405.0946768691033,6810.189353738207,9.094947017729282e-13,1135.031558956368,1634.4454448971696,2.334922064138814,3.648315725216897,coverage_sensitivity,0.75,,,8784,2022,SFH,mad,D,3,92.0
3966952,9,13,RM,16402,13403,Calera de Tango,2024,CL.SFH.post2021.mad.D,92.0,1,3.4461538461538463,4540.126235825472,49.349198215494255,redpe_mid,0.5,5225.0,2612.4999999999995,5224.999999999999,9.094947017729282e-13,1927.6262358254712,1253.9999999999998,1.7914285714285711,2.7991071428571423,REDPE_2020,,mid,2.795,8784,2022,SFH,mad,D,3,92.0
3201094,10,13,RM,14504,13605,Peñaflor,2024,CL.SFH.preRT.lad.D,52.0,1,5.313432835820896,2890.639738483447,55.58922574006629,coverage_mid,0.5,4335.959607725171,2167.9798038625854,4335.959607725171,0.0,722.6599346208618,1040.630305854041,1.48661472264863,2.3228355041384843,coverage_sensitivity,0.75,,,8784,1990,SFH,lad,D,5,52.0
3201094,10,13,RM,14504,13605,Peñaflor,2024,CL.SFH.preRT.lad.D,52.0,1,5.313432835820896,2890.639738483447,55.58922574006629,redpe_mid,0.5,5225.0,2612.5,5225.0,0.0,278.1397384834472,1254.0,1.7914285714285714,2.799107142857143,REDPE_2020,,mid,2.795,8784,1990,SFH,lad,D,5,52.0
2355533,1,14,Los Rios,10110,14107,Paillaco,2024,CL.SFH.preRT.mad.F,49.0,1,2.5357142857142856,7113.351371397601,145.17043615097145,coverage_mid,0.5,10670.027057096402,5335.0135285482,10670.0270570964,1.8189894035458565e-12,1778.3378428494013,2560.8064937031363,3.6582949910044804,5.716085923444501,coverage_sensitivity,0.75,,,8784,1990,SFH,mad,F,3,49.0
2355533,1,14,Los Rios,10110,14107,Paillaco,2024,CL.SFH.preRT.mad.F,49.0,1,2.5357142857142856,7113.351371397601,145.17043615097145,redpe_mid,0.5,26430.0,7113.351371397601,14226.702742795202,12203.297257204798,0.0,3414.4086582708483,4.8777266546726405,7.621447897926001,REDPE_2020,,mid,14.16,8784,1990,SFH,mad,F,3,49.0
2301379,2,14,Los Rios,10101,14101,Valdivia,2024,CL.SFH.preRT.mad.G,45.0,1,3.5217391304347827,3917.5462639687394,87.05658364374976,coverage_mid,0.5,5876.319395953109,2938.159697976554,5876.319395953108,9.094947017729282e-13,979.3865659921853,1410.316655028746,2.014738078612494,3.148028247832022,coverage_sensitivity,0.75,,,8784,1990,SFH,mad,G,4,45.0
2301379,2,14,Los Rios,10101,14101,Valdivia,2024,CL.SFH.preRT.mad.G,45.0,1,3.5217391304347827,3917.5462639687394,87.05658364374976,redpe_mid,0.5,26430.0,3917.5462639687394,7835.092527937479,18594.90747206252,0.0,1880.422206704995,2.686317438149993,4.197370997109364,REDPE_2020,,mid,14.16,8784,1990,SFH,mad,G,4,45.0
2366833,3,14,Los Rios,10112,14203,Lago Ranco,2024,CL.SFH.preRT.mad.F,100.0,1,1.5,17882.31966439378,178.82319664393782,coverage_mid,0.5,26823.47949659067,13411.739748295335,26823.47949659067,0.0,4470.5799160984425,6437.635079181761,9.19662154168823,14.36972115888786,coverage_sensitivity,0.75,,,8784,1990,SFH,mad,F,2,100.0
2366833,3,14,Los Rios,10112,14203,Lago Ranco,2024,CL.SFH.preRT.mad.F,100.0,1,1.5,17882.31966439378,178.82319664393782,redpe_mid,0.5,26430.0,13215.0,26430.0,0.0,4667.319664393777,6343.2,9.061714285714286,14.158928571428572,REDPE_2020,,mid,14.16,8784,1990,SFH,mad,F,2,100.0
2323851,4,14,Los Rios,10103,14103,Lanco,2024,CL.SFH.post2021.mad.F,46.0,1,2.263157894736842,6858.433809929053,149.0963871723707,coverage_mid,0.5,10287.650714893578,5143.825357446789,10287.650714893578,0.0,1714.6084524822636,2469.036171574459,3.5271945308206556,5.5112414544072745,coverage_sensitivity,0.75,,,8784,2022,SFH,mad,F,2,46.0
2323851,4,14,Los Rios,10103,14103,Lanco,2024,CL.SFH.post2021.mad.F,46.0,1,2.263157894736842,6858.433809929053,149.0963871723707,redpe_mid,0.5,26430.0,6858.433809929053,13716.867619858105,12713.132380141895,0.0,3292.0482287659456,4.702926041094208,7.3483219392097,REDPE_2020,,mid,14.16,8784,2022,SFH,mad,F,2,46.0
2363208,5,14,Los Rios,10111,14204,Río Bueno,2024,CL.SFH.preRT.mad.F,100.0,1,2.142857142857143,13615.567480684533,136.15567480684533,coverage_mid,0.5,20423.351221026798,10211.675610513397,20423.351221026795,3.637978807091713e-12,3403.8918701711336,4901.604293046431,7.002291847209187,10.941081011264354,coverage_sensitivity,0.75,,,8784,1990,SFH,mad,F,2,100.0
2363208,5,14,Los Rios,10111,14204,Río Bueno,2024,CL.SFH.preRT.mad.F,100.0,1,2.142857142857143,13615.567480684533,136.15567480684533,redpe_mid,0.5,26430.0,13215.0,26430.0,0.0,400.5674806845327,6343.2,9.061714285714286,14.158928571428572,REDPE_2020,,mid,14.16,8784,1990,SFH,mad,F,2,100.0
2331913,6,14,Los Rios,10105,14202,Futrono,2024,CL.SFH.RT2.mad.F,55.0,1,3.6575342465753424,10649.18186266482,193.62148841208764,coverage_mid,0.5,15973.77279399723,7986.886396998614,15973.772793997228,1.8189894035458565e-12,2662.295465666205,3833.7054705593346,5.47672210079905,8.557378282498515,coverage_sensitivity,0.75,,,8784,2011,SFH,mad,F,4,55.0
2331913,6,14,Los Rios,10105,14202,Futrono,2024,CL.SFH.RT2.mad.F,55.0,1,3.6575342465753424,10649.18186266482,193.62148841208764,redpe_mid,0.5,26430.0,10649.18186266482,21298.36372532964,5131.63627467036,0.0,5111.607294079115,7.302296134398735,11.409837709998023,REDPE_2020,,mid,14.16,8784,2011,SFH,mad,F,4,55.0
2339667,7,14,Los Rios,10108,14108,Panguipulli,2024,CL.SFH.preRT.mad.F,72.0,1,3.2758620689655173,11541.697247335633,160.30135065743934,coverage_mid,0.5,17312.54587100345,8656.272935501725,17312.54587100345,0.0,2885.4243118339073,4155.011009040829,5.93573001291547,9.274578145180422,coverage_sensitivity,0.75,,,8784,1990,SFH,mad,F,3,72.0
2339667,7,14,Los Rios,10108,14108,Panguipulli,2024,CL.SFH.preRT.mad.F,72.0,1,3.2758620689655173,11541.697247335633,160.30135065743934,redpe_mid,0.5,26430.0,11541.697247335633,23083.394494671265,3346.6055053287346,0.0,5540.014678721103,7.914306683887291,12.366104193573891,REDPE_2020,,mid,14.16,8784,1990,SFH,mad,F,3,72.0
2329058,8,14,Los Rios,10104,14104,Los Lagos,2024,CL.SFH.preRT.mad.F,57.0,1,3.4827586206896552,7794.967156224863,136.75380975833093,coverage_mid,0.5,11692.450734337295,5846.2253671686485,11692.450734337297,0.0,1948.7417890562156,2806.1881762409516,4.008840251772788,6.263812893394981,coverage_sensitivity,0.75,,,8784,1990,SFH,mad,F,3,57.0
2329058,8,14,Los Rios,10104,14104,Los Lagos,2024,CL.SFH.preRT.mad.F,57.0,1,3.4827586206896552,7794.967156224863,136.75380975833093,redpe_mid,0.5,26430.0,7794.967156224863,15589.934312449726,10840.065687550274,0.0,3741.584234987934,5.3451203356970485,8.351750524526638,REDPE_2020,,mid,14.16,8784,1990,SFH,mad,F,3,57.0
2321745,9,14,Los Rios,10102,14106,Mariquina,2024,CL.SFH.CEV.mad.G,43.0,1,2.9420289855072466,2980.2756091011615,69.30873509537585,coverage_mid,0.5,4470.413413651742,2235.2067068258707,4470.413413651741,9.094947017729282e-13,745.0689022752907,1072.8992192764179,1.5327131703948826,2.394864328742004,coverage_sensitivity,0.75,,,8784,2018,SFH,mad,G,3,43.0
2321745,9,14,Los Rios,10102,14106,Mariquina,2024,CL.SFH.CEV.mad.G,43.0,1,2.9420289855072466,2980.2756091011615,69.30873509537585,redpe_mid,0.5,26430.0,2980.2756091011615,5960.551218202323,20469.448781797677,0.0,1430.5322923685576,2.043617560526511,3.193152438322673,REDPE_2020,,mid,14.16,8784,2018,SFH,mad,G,3,43.0
2334265,10,14,Los Rios,10106,14102,Corral,2024,CL.SFH.post2021.mad.G,90.0,1,68.0,4641.778449690506,51.575316107672286,coverage_mid,0.5,6962.667674535759,3481.33383726788,6962.66767453576,0.0,1160.4446124226265,1671.0402418885824,2.387200345555118,3.7300005399298715,coverage_sensitivity,0.75,,,8784,2022,SFH,mad,G,8,90.0
2334265,10,14,Los Rios,10106,14102,Corral,2024,CL.SFH.post2021.mad.G,90.0,1,68.0,4641.778449690506,51.575316107672286,redpe_mid,0.5,26430.0,4641.778449690506,9283.556899381012,17146.443100618988,0.0,2228.053655851443,3.1829337940734903,4.973334053239829,REDPE_2020,,mid,14.16,8784,2022,SFH,mad,G,8,90.0
45480,1,15,Arica y Parinacota,1106,15102,Camarones,2024,CL.SFH.preRT.mad.B,32.0,1,2.2857142857142856,819.4778627252233,25.60868321016323,coverage_mid,0.5,1229.2167940878348,614.6083970439174,1229.2167940878348,0.0,204.86946568130588,295.0120305810804,0.421445757972972,0.6585089968327688,coverage_sensitivity,0.75,,,8784,1990,SFH,mad,B,2,32.0
102596,2,15,Arica y Parinacota,1301,15201,Putre,2024,CL.SFH.preRT.adobe.H,30.0,1,0.6494845360824743,7385.640729107975,246.18802430359918,coverage_mid,0.5,11078.461093661963,5539.230546830981,11078.461093661963,0.0,1846.4101822769926,2658.8306624788715,3.7983295178269594,5.934889871604624,coverage_sensitivity,0.75,,,8784,1990,SFH,adobe,H,1,30.0
103264,3,15,Arica y Parinacota,1302,15202,General Lagos,2024,CL.SFH.preRT.adobe.H,45.0,1,1.703125,8504.951637282249,188.99892527293886,coverage_mid,0.5,12757.427455923375,6378.713727961688,12757.427455923376,0.0,2126.237909320562,3061.7825894216103,4.373975127745157,6.8343361371018085,coverage_sensitivity,0.75,,,8784,1990,SFH,adobe,H,2,45.0
795,4,15,Arica y Parinacota,1101,15101,Arica,2024,CL.SFH.preRT.lad.A,36.0,1,5.1466666666666665,3468.0581166598563,96.33494768499601,coverage_mid,0.5,5202.087174989784,2601.0435874948917,5202.087174989783,9.094947017729282e-13,867.0145291649645,1248.500921997548,1.7835727457107828,2.786832415173098,coverage_sensitivity,0.75,,,8784,1990,SFH,lad,A,5,36.0
103216,5,15,Arica y Parinacota,1302,15202,General Lagos,2024,CL.SFH.preRT.adobe.H,32.0,1,1.703125,6583.178405168144,205.7243251615045,coverage_mid,0.5,9874.767607752216,4937.383803876108,9874.767607752216,0.0,1645.7946012920374,2369.944225860532,3.385634608372188,5.290054075581544,coverage_sensitivity,0.75,,,8784,1990,SFH,adobe,H,2,32.0
815,6,15,Arica y Parinacota,1101,15101,Arica,2024,CL.SFH.preRT.lad.A,36.0,1,5.1466666666666665,3468.057406346538,96.3349279540705,coverage_mid,0.5,5202.086109519807,2601.0430547599035,5202.086109519807,0.0,867.0143515866343,1248.5006662847538,1.7835723804067911,2.786831844385611,coverage_sensitivity,0.75,,,8784,1990,SFH,lad,A,5,36.0
102640,7,15,Arica y Parinacota,1301,15201,Putre,2024,CL.SFH.preRT.adobe.H,159.0,1,0.6494845360824743,27056.80923254504,170.16861152544053,coverage_mid,0.5,40585.21384881756,20292.60692440878,40585.21384881756,0.0,6764.202308136263,9740.451323716214,13.914930462451734,21.742078847580835,coverage_sensitivity,0.75,,,8784,1990,SFH,adobe,H,1,159.0
103221,8,15,Arica y Parinacota,1302,15202,General Lagos,2024,CL.SFH.preRT.adobe.H,32.0,1,1.703125,6583.177733530769,205.72430417283653,coverage_mid,0.5,9874.766600296152,4937.383300148076,9874.766600296152,0.0,1645.7944333826927,2369.9439840710766,3.3856342629586806,5.290053535872938,coverage_sensitivity,0.75,,,8784,1990,SFH,adobe,H,2,32.0
45212,9,15,Arica y Parinacota,1101,15101,Arica,2024,CL.SFH.post2021.lad.A,100.0,1,4.625,2836.1776019664776,28.361776019664777,coverage_mid,0.5,4254.266402949716,2127.133201474858,4254.266402949716,0.0,709.0444004916194,1021.023936707932,1.4586056238684741,2.279071287294491,coverage_sensitivity,0.75,,,8784,2022,SFH,lad,A,5,100.0
102594,10,15,Arica y Parinacota,1301,15201,Putre,2024,CL.SFH.preRT.adobe.H,41.0,1,0.6494845360824743,9287.06494307829,226.5137790994705,coverage_mid,0.5,13930.597414617436,6965.298707308718,13930.597414617436,0.0,2321.7662357695726,3343.3433795081846,4.776204827868836,7.462820043545055,coverage_sensitivity,0.75,,,8784,1990,SFH,adobe,H,1,41.0
1643605,1,16,Nuble,8117,16105,Pemuco,2024,CL.SFH.preRT.adobe.F,375.0,1,3.272727272727273,29642.23439426501,79.0459583847067,coverage_mid,0.5,44463.35159139751,22231.675795698757,44463.35159139751,0.0,7410.558598566249,10671.204381935404,15.244577688479149,23.81965263824867,coverage_sensitivity,0.75,,,8784,1990,SFH,adobe,F,3,375.0
1634101,2,16,Nuble,8114,16108,San Ignacio,2024,CL.SFH.RT2.mad.F,103.0,1,2.7857142857142856,8301.010829881321,80.59233815418759,coverage_mid,0.5,12451.516244821982,6225.758122410991,12451.516244821982,0.0,2075.25270747033,2988.363898757276,4.269091283938965,6.670455131154633,coverage_sensitivity,0.75,,,8784,2011,SFH,mad,F,3,103.0
1627419,3,16,Nuble,8112,16305,San Nicolás,2024,CL.SFH.RT2.mad.F,36.0,1,2.403225806451613,3876.0442788371333,107.66789663436481,coverage_mid,0.5,5814.0664182557,2907.0332091278506,5814.066418255701,0.0,969.0110697092828,1395.3759403813683,1.993394200544812,3.1146784383512687,coverage_sensitivity,0.75,,,8784,2011,SFH,mad,F,2,36.0
1647301,4,16,Nuble,8120,16203,Coelemu,2024,CL.SFH.preRT.mad.E,136.0,1,5.076923076923077,9470.965307728602,69.63945079212208,coverage_mid,0.5,14206.447961592903,7103.223980796452,14206.447961592905,0.0,2367.7413269321505,3409.5475107822976,4.870782158260425,7.610597122281915,coverage_sensitivity,0.75,,,8784,1990,SFH,mad,E,5,136.0
1610029,5,16,Nuble,8107,16202,Cobquecura,2024,CL.SFH.RT2.mad.E,79.0,1,36.0,5308.233480208803,67.19282886340257,coverage_mid,0.5,7962.350220313204,3981.1751101566015,7962.350220313203,9.094947017729282e-13,1327.0583700521997,1910.9640528751688,2.729948646964527,4.265544760882073,coverage_sensitivity,0.75,,,8784,2011,SFH,mad,E,8,79.0
1604597,6,16,Nuble,8103,16302,Coihueco,2024,CL.SFH.preRT.mad.F,115.0,1,3.5,15911.564443954703,138.3614299474322,coverage_mid,0.5,23867.346665932055,11933.673332966027,23867.346665932055,0.0,3977.8911109886776,5728.1631998236935,8.18309028546242,12.78607857103503,coverage_sensitivity,0.75,,,8784,1990,SFH,mad,F,4,115.0
1644670,7,16,Nuble,8118,16104,El Carmen,2024,CL.SFH.preRT.adobe.F,24.0,1,2.25,4432.248905544333,184.67703773101388,coverage_mid,0.5,6648.373358316499,3324.1866791582497,6648.373358316499,0.0,1108.0622263860823,1595.60960599596,2.279442294279943,3.5616285848124107,coverage_sensitivity,0.75,,,8784,1990,SFH,adobe,F,2,24.0
1642459,8,16,Nuble,8116,16109,Yungay,2024,CL.SFH.preRT.mad.F,61.0,1,2.35,6868.007922609552,112.59029381327134,coverage_mid,0.5,10302.011883914329,5151.005941957164,10302.011883914329,0.0,1717.0019806523871,2472.482852139439,3.532118360199198,5.518934937811247,coverage_sensitivity,0.75,,,8784,1990,SFH,mad,F,2,61.0
1612576,9,16,Nuble,8109,16301,San Carlos,2024,CL.SFH.RT1.lad.F,77.0,1,3.5833333333333335,4074.654519064058,52.91759115667608,coverage_mid,0.5,6111.981778596088,3055.990889298044,6111.981778596088,0.0,1018.6636297660143,1466.8756268630611,2.095536609804373,3.2742759528193326,coverage_sensitivity,0.75,,,8784,2003,SFH,lad,F,4,77.0
1601149,10,16,Nuble,8102,16106,Pinto,2024,CL.SFH.CEV.mad.F,76.0,1,34.5,10334.214444865833,135.9765058534978,coverage_mid,0.5,15501.32166729875,7750.660833649374,15501.321667298747,1.8189894035458565e-12,2583.553611216458,3720.3172001516996,5.314738857359571,8.30427946462433,coverage_sensitivity,0.75,,,8784,2018,SFH,mad,F,8,76.0
