edificio_id,codigo_region,region,codigo_comuna,nombre_comuna,regional_sample_rank,n_inmuebles,winter_setpoint_c,setpoint_scenario,thermal_zone,model_persons,model_area_m2,heating_demand_kwh,target_fuel_energy_kwh,redpe_target_wood_volume_stere,assigned_fuel_energy_kwh,assigned_useful_energy_kwh,wood_volume_stere,unallocated_fuel_energy_kwh,unmet_heating_energy_kwh,storage_spill_energy_kwh,event_count,event_fuel_energy_kwh,event_duration_hours,min_event_interval_hours,storage_capacity_kwh,storage_loss_rate_per_hour
2577343,12,Magallanes,12101,Natales,1,1,,perfil_actual,I,3,76.0,17910.3373687088,43580.0,23.345,35792.0,17892.81582088847,19.174285714285713,7788.0,17.521547820329832,0.0,2237,16.0,2.0,1.0,16.0,0.0
2593509,12,Magallanes,12205,Punta Arenas,2,1,,perfil_actual,I,2,101.0,19155.00551946237,43580.0,23.345,38256.0,19118.97498736486,20.494285714285713,5324.0,36.03053209750696,0.0,2391,16.0,2.0,1.0,16.0,0.0
2614773,12,Magallanes,12301,Porvenir,3,1,,perfil_actual,I,4,96.0,16518.94824030586,43580.0,23.345,32976.0,16479.220904897156,17.665714285714287,10604.0,39.727335408704086,0.0,2061,16.0,2.0,1.0,16.0,0.0
2614434,12,Magallanes,12206,Laguna Blanca,4,1,,perfil_actual,I,1,59.0,12517.762062822123,43580.0,23.345,25056.0,12517.762062822123,13.422857142857145,18524.0,0.0,0.0,1566,16.0,2.0,1.0,16.0,0.0
2577414,12,Magallanes,12103,Torres del Paine,5,1,,perfil_actual,I,3,390.0,45356.71154411781,43580.0,23.345,43580.0,21790.0,23.34642857142857,0.0,23566.711544117814,0.0,2724,16.0,2.0,1.0,16.0,0.0
2577486,12,Magallanes,12204,San Gregorio,6,1,,perfil_actual,I,1,80.0,15134.623850504076,43580.0,23.345,30256.0,15122.719827878353,16.20857142857143,13324.0,11.904022625724082,0.0,1891,16.0,2.0,1.0,16.0,0.0
2616043,12,Magallanes,12304,Timaukel,7,1,,perfil_actual,I,8,56.0,12433.107862108689,43580.0,23.345,24880.0,12433.107862108689,13.328571428571427,18700.0,0.0,0.0,1555,16.0,2.0,1.0,16.0,0.0
2616079,12,Magallanes,12401,Cabo de Hornos,8,1,,perfil_actual,I,2,35.0,9859.973866679931,43580.0,23.345,19728.0,9859.973866679931,10.568571428571428,23852.0,0.0,0.0,1233,16.0,2.0,1.0,16.0,0.0
2616012,12,Magallanes,12302,Primavera,9,1,,perfil_actual,I,4,170.0,24569.197346062312,43580.0,23.345,43580.0,21790.0,23.34642857142857,0.0,2779.1973460623135,0.0,2724,16.0,2.0,1.0,16.0,0.0
2580174,12,Magallanes,12205,Punta Arenas,10,1,,perfil_actual,I,3,81.0,17988.34899414634,43580.0,23.345,35944.0,17965.413774998102,19.25571428571429,7636.0,22.935219148241337,0.0,2247,16.0,2.0,1.0,16.0,0.0
2577410,12,Magallanes,12103,Torres del Paine,11,1,,perfil_actual,I,3,112.0,18071.019057049398,43580.0,23.345,36144.0,18068.378724518934,19.362857142857145,7436.0,2.640332530464689,0.0,2259,16.0,2.0,1.0,16.0,0.0
2577343,12,Magallanes,12101,Natales,1,1,22.0,invierno_22C,I,3,76.0,19725.995518649404,43580.0,23.345,39120.0,19554.88521583181,20.957142857142856,4460.0,171.11030281759656,0.0,2445,16.0,2.0,1.0,16.0,0.0
2593509,12,Magallanes,12205,Punta Arenas,2,1,22.0,invierno_22C,I,2,101.0,21099.00611888475,43580.0,23.345,41568.0,20778.974987364865,22.26857142857143,2012.0,320.0311315198841,0.0,2598,16.0,2.0,1.0,16.0,0.0
2614773,12,Magallanes,12301,Porvenir,3,1,22.0,invierno_22C,I,4,96.0,18683.989048641488,43580.0,23.345,36304.0,18147.73432708625,19.44857142857143,7276.0,536.2547215552363,0.0,2269,16.0,2.0,1.0,16.0,0.0
2614434,12,Magallanes,12206,Laguna Blanca,4,1,22.0,invierno_22C,I,1,59.0,14030.292212349708,43580.0,23.345,28016.0,14001.406912351044,15.008571428571429,15564.0,28.88529999866607,0.0,1751,16.0,2.0,1.0,16.0,0.0
2577414,12,Magallanes,12103,Torres del Paine,5,1,22.0,invierno_22C,I,3,390.0,50276.2096405962,43580.0,23.345,43580.0,21790.0,23.34642857142857,0.0,28486.2096405962,0.0,2724,16.0,2.0,1.0,16.0,0.0
2577486,12,Magallanes,12204,San Gregorio,6,1,22.0,invierno_22C,I,1,80.0,17021.03820664888,43580.0,23.345,33696.0,16842.412361401548,18.05142857142857,9884.0,178.62584524733376,0.0,2106,16.0,2.0,1.0,16.0,0.0
2616043,12,Magallanes,12304,Timaukel,7,1,22.0,invierno_22C,I,8,56.0,13890.872277747025,43580.0,23.345,27792.0,13890.323497929381,14.888571428571428,15788.0,0.5487798176427834,0.0,1737,16.0,2.0,1.0,16.0,0.0
2616079,12,Magallanes,12401,Cabo de Hornos,8,1,22.0,invierno_22C,I,2,35.0,10923.474337746768,43580.0,23.345,21856.0,10923.474337746768,11.708571428571428,21724.0,0.0,0.0,1366,16.0,2.0,1.0,16.0,0.0
2616012,12,Magallanes,12302,Primavera,9,1,22.0,invierno_22C,I,4,170.0,27983.833260608513,43580.0,23.345,43580.0,21790.0,23.34642857142857,0.0,6193.833260608513,0.0,2724,16.0,2.0,1.0,16.0,0.0
2580174,12,Magallanes,12205,Punta Arenas,10,1,22.0,invierno_22C,I,3,81.0,19891.48002636469,43580.0,23.345,39328.0,19658.186171556554,21.06857142857143,4252.0,233.2938548081381,0.0,2458,16.0,2.0,1.0,16.0,0.0
2577410,12,Magallanes,12103,Torres del Paine,11,1,22.0,invierno_22C,I,3,112.0,20047.521206485813,43580.0,23.345,39888.0,19936.49699458804,21.368571428571432,3692.0,111.02421189777486,0.0,2493,16.0,2.0,1.0,16.0,0.0
2577343,12,Magallanes,12101,Natales,1,1,24.0,invierno_24C,I,3,76.0,20457.56904886246,43580.0,23.345,40288.0,20136.92258504308,21.582857142857144,3292.0,320.64646381937854,0.0,2518,16.0,2.0,1.0,16.0,0.0
2593509,12,Magallanes,12205,Punta Arenas,2,1,24.0,invierno_24C,I,2,101.0,21882.78818755299,43580.0,23.345,42416.0,21198.486405323947,22.72285714285714,1164.0,684.3017822290419,0.0,2651,16.0,2.0,1.0,16.0,0.0
2614773,12,Magallanes,12301,Porvenir,3,1,24.0,invierno_24C,I,4,96.0,19556.070804936106,43580.0,23.345,37136.0,18563.758111079835,19.894285714285715,6444.0,992.3126938562693,0.0,2321,16.0,2.0,1.0,16.0,0.0
2614434,12,Magallanes,12206,Laguna Blanca,4,1,24.0,invierno_24C,I,1,59.0,14638.798811186403,43580.0,23.345,29152.0,14568.576913177974,15.617142857142857,14428.0,70.22189800842877,0.0,1822,16.0,2.0,1.0,16.0,0.0
2577414,12,Magallanes,12103,Torres del Paine,5,1,24.0,invierno_24C,I,3,390.0,52261.62070621815,43580.0,23.345,43580.0,21790.0,23.34642857142857,0.0,30471.620706218157,0.0,2724,16.0,2.0,1.0,16.0,0.0
2577486,12,Magallanes,12204,San Gregorio,6,1,24.0,invierno_24C,I,1,80.0,17780.861427425214,43580.0,23.345,34784.0,17384.75841124936,18.634285714285713,8796.0,396.1030161758529,0.0,2174,16.0,2.0,1.0,16.0,0.0
2616043,12,Magallanes,12304,Timaukel,7,1,24.0,invierno_24C,I,8,56.0,14478.219284022807,43580.0,23.345,28944.0,14464.16258237722,15.505714285714287,14636.0,14.056701645586974,0.0,1809,16.0,2.0,1.0,16.0,0.0
2616079,12,Magallanes,12401,Cabo de Hornos,8,1,24.0,invierno_24C,I,2,35.0,11351.790602539433,43580.0,23.345,22720.0,11351.790602539433,12.17142857142857,20860.0,0.0,0.0,1420,16.0,2.0,1.0,16.0,0.0
2616012,12,Magallanes,12302,Primavera,9,1,24.0,invierno_24C,I,4,170.0,29359.160936392902,43580.0,23.345,43580.0,21790.0,23.34642857142857,0.0,7569.160936392908,0.0,2724,16.0,2.0,1.0,16.0,0.0
2580174,12,Magallanes,12205,Punta Arenas,10,1,24.0,invierno_24C,I,3,81.0,20658.456900194367,43580.0,23.345,40312.0,20149.717471924174,21.595714285714287,3268.0,508.73942827019425,0.0,2520,16.0,2.0,1.0,16.0,0.0
2577410,12,Magallanes,12103,Torres del Paine,11,1,24.0,invierno_24C,I,3,112.0,20844.41785729854,43580.0,23.345,41064.0,20525.16416004732,21.998571428571424,2516.0,319.2536972512221,0.0,2567,16.0,2.0,1.0,16.0,0.0
2355533,14,Los Rios,10110,Paillaco,1,1,,perfil_actual,F,3,49.0,7113.351371397602,26430.0,14.16,19968.0,7113.351371397602,10.697142857142858,6462.0,0.0,2062.8451002517286,624,32.0,1.0,1.0,16.0,0.01
2301379,14,Los Rios,10101,Valdivia,2,1,,perfil_actual,G,4,45.0,3917.5462639687394,26430.0,14.16,12032.0,3917.5462639687394,6.445714285714287,14398.0,0.0,1323.1542059221326,376,32.0,1.0,1.0,16.0,0.01
2366833,14,Los Rios,10112,Lago Ranco,3,1,,perfil_actual,F,2,100.0,17882.31966439378,26430.0,14.16,26430.0,10757.7844195831,14.158928571428572,0.0,7124.53524481068,2038.8851743372925,826,32.0,1.0,1.0,16.0,0.01
2323851,14,Los Rios,10103,Lanco,4,1,,perfil_actual,F,2,46.0,6858.433809929053,26430.0,14.16,19392.0,6858.433809929053,10.388571428571428,7038.0,0.0,2034.6617478052797,606,32.0,1.0,1.0,16.0,0.01
2363208,14,Los Rios,10111,Río Bueno,5,1,,perfil_actual,F,2,100.0,13615.567480684533,26430.0,14.16,26430.0,10421.24497083962,14.158928571428572,0.0,3194.322509844913,2263.968393083596,826,32.0,1.0,1.0,16.0,0.01
2331913,14,Los Rios,10105,Futrono,6,1,,perfil_actual,F,4,55.0,10649.181862664818,26430.0,14.16,26430.0,9985.489750943278,14.158928571428572,0.0,663.6921117215413,2553.395753055011,826,32.0,1.0,1.0,16.0,0.01
2339667,14,Los Rios,10108,Panguipulli,7,1,,perfil_actual,F,3,72.0,11541.697247335633,26430.0,14.16,26430.0,10253.813192249401,14.158928571428572,0.0,1287.8840550862312,2359.2290799083244,826,32.0,1.0,1.0,16.0,0.01
2329058,14,Los Rios,10104,Los Lagos,8,1,,perfil_actual,F,3,57.0,7794.967156224864,26430.0,14.16,21504.0,7794.967156224864,11.520000000000001,4926.0,0.0,2156.7214927234304,672,32.0,1.0,1.0,16.0,0.01
2321745,14,Los Rios,10102,Mariquina,9,1,,perfil_actual,G,3,43.0,2980.275609101162,26430.0,14.16,9632.0,2980.275609101162,5.160000000000001,16798.0,0.0,1066.9625723166125,301,32.0,1.0,1.0,16.0,0.01
2334265,14,Los Rios,10106,Corral,10,1,,perfil_actual,G,8,90.0,4641.778449690507,26430.0,14.16,13632.0,4641.778449690507,7.3028571428571425,12798.0,0.0,1445.0535792910096,426,32.0,1.0,1.0,16.0,0.01
2350060,14,Los Rios,10109,La Unión,11,1,,perfil_actual,F,2,50.0,7944.013520726853,26430.0,14.16,21920.0,7944.013520726853,11.742857142857144,4510.0,0.0,2213.7060132528372,685,32.0,1.0,1.0,16.0,0.01
2336620,14,Los Rios,10107,Máfil,12,1,,perfil_actual,G,4,42.0,3854.272104690953,26430.0,14.16,11808.0,3854.272104690953,6.325714285714286,14622.0,0.0,1270.9226647939777,369,32.0,1.0,1.0,16.0,0.01
2334777,14,Los Rios,10106,Corral,13,1,,perfil_actual,G,4,48.0,4642.452633315278,26430.0,14.16,13888.0,4642.452633315278,7.44,12542.0,0.0,1504.0170935482272,434,32.0,1.0,1.0,16.0,0.01
2321737,14,Los Rios,10102,Mariquina,14,1,,perfil_actual,G,5,54.0,3857.602325969775,26430.0,14.16,11744.0,3857.602325969775,6.291428571428571,14686.0,0.0,1265.2362091480704,367,32.0,1.0,1.0,16.0,0.01
2354580,14,Los Rios,10110,Paillaco,15,1,,perfil_actual,F,2,42.0,6696.934601493614,26430.0,14.16,18976.0,6696.934601493614,10.165714285714287,7454.0,0.0,1978.9633742324338,593,32.0,1.0,1.0,16.0,0.01
2331594,14,Los Rios,10105,Futrono,16,1,,perfil_actual,F,4,56.0,10785.554043468617,26430.0,14.16,26430.0,10019.7231017835,14.158928571428572,0.0,765.8309416851166,2532.4759585323104,826,32.0,1.0,1.0,16.0,0.01
2326412,14,Los Rios,10103,Lanco,17,1,,perfil_actual,F,3,73.0,9539.301767137094,26430.0,14.16,25408.0,9539.301767137094,13.611428571428572,1022.0,0.0,2392.335878266465,794,32.0,1.0,1.0,16.0,0.01
2342848,14,Los Rios,10108,Panguipulli,18,1,,perfil_actual,F,6,200.0,17822.21741379127,26430.0,14.16,26430.0,10827.76346088569,14.158928571428572,0.0,6994.453952905585,2000.3219002330684,826,32.0,1.0,1.0,16.0,0.01
2328792,14,Los Rios,10104,Los Lagos,19,1,,perfil_actual,F,2,38.0,6138.970946007339,26430.0,14.16,17536.0,6138.970946007339,9.394285714285715,8894.0,0.0,1828.2683717276789,548,32.0,1.0,1.0,16.0,0.01
2363323,14,Los Rios,10111,Río Bueno,20,1,,perfil_actual,F,3,145.0,17969.229048033987,26430.0,14.16,26430.0,10850.855119935222,14.158928571428572,0.0,7118.373928098762,1937.826786027349,826,32.0,1.0,1.0,16.0,0.01
2335409,14,Los Rios,10107,Máfil,21,1,,perfil_actual,G,8,60.0,2562.42745542031,26430.0,14.16,8160.0,2562.42745542031,4.371428571428572,18270.0,0.0,893.0703858724459,255,32.0,1.0,1.0,16.0,0.01
2353618,14,Los Rios,10109,La Unión,22,1,,perfil_actual,F,8,60.0,6899.602382043098,26430.0,14.16,19296.0,6899.602382043098,10.337142857142856,7134.0,0.0,1953.3328726579025,603,32.0,1.0,1.0,16.0,0.01
2284689,14,Los Rios,10101,Valdivia,23,1,,perfil_actual,G,3,39.0,4126.000051244747,26430.0,14.16,12576.0,4126.000051244747,6.737142857142857,13854.0,0.0,1369.9801522889845,393,32.0,1.0,1.0,16.0,0.01
2365647,14,Los Rios,10112,Lago Ranco,24,1,,perfil_actual,F,2,91.0,16617.88791497565,26430.0,14.16,26430.0,10683.30910652945,14.158928571428572,0.0,5934.5788084462,2086.502344902183,826,32.0,1.0,1.0,16.0,0.01
2331769,14,Los Rios,10105,Futrono,25,1,,perfil_actual,F,1,351.0,42524.58014448141,26430.0,14.16,26430.0,11815.121483303496,14.158928571428572,0.0,30709.45866117792,1157.821292130171,826,32.0,1.0,1.0,16.0,0.01
2280231,14,Los Rios,10101,Valdivia,26,1,,perfil_actual,G,3,82.0,5341.847783145413,26430.0,14.16,15328.0,5341.847783145413,8.211428571428572,11102.0,0.0,1594.8015233947744,479,32.0,1.0,1.0,16.0,0.01
2350425,14,Los Rios,10109,La Unión,27,1,,perfil_actual,F,2,35.0,6202.553840416793,26430.0,14.16,17792.0,6202.553840416793,9.53142857142857,8638.0,0.0,1892.7166892824132,556,32.0,1.0,1.0,16.0,0.01
2342810,14,Los Rios,10108,Panguipulli,28,1,,perfil_actual,F,2,36.0,7461.348251458739,26430.0,14.16,20832.0,7461.348251458739,11.159999999999998,5598.0,0.0,2153.09188408371,651,32.0,1.0,1.0,16.0,0.01
2334311,14,Los Rios,10106,Corral,29,1,,perfil_actual,G,4,56.0,7012.001031973544,26430.0,14.16,19680.0,7012.001031973544,10.542857142857143,6750.0,0.0,2015.7113564109518,615,32.0,1.0,1.0,16.0,0.01
2365900,14,Los Rios,10112,Lago Ranco,30,1,,perfil_actual,F,2,28.0,7229.597151244818,26430.0,14.16,20256.0,7229.597151244818,10.851428571428572,6174.0,0.0,2106.4319508748968,633,32.0,1.0,1.0,16.0,0.01
2354832,14,Los Rios,10110,Paillaco,31,1,,perfil_actual,F,6,85.0,9772.505604116091,26430.0,14.16,25952.0,9772.505604116091,13.902857142857142,478.0,0.0,2424.412809882853,811,32.0,1.0,1.0,16.0,0.01
2322465,14,Los Rios,10102,Mariquina,32,1,,perfil_actual,G,1,30.0,3580.071227147267,26430.0,14.16,11264.0,3580.071227147267,6.034285714285714,15166.0,0.0,1236.7463762223106,352,32.0,1.0,1.0,16.0,0.01
2362450,14,Los Rios,10111,Río Bueno,33,1,,perfil_actual,F,3,44.0,6757.1435105666105,26430.0,14.16,19200.0,6757.1435105666105,10.285714285714285,7230.0,0.0,2036.478290926298,600,32.0,1.0,1.0,16.0,0.01
2355533,14,Los Rios,10110,Paillaco,1,1,22.0,invierno_22C,F,3,49.0,8171.694965374251,26430.0,14.16,22432.0,8171.694965374251,12.017142857142856,3998.0,0.0,2247.358241333418,701,32.0,1.0,1.0,16.0,0.01
2301379,14,Los Rios,10101,Valdivia,2,1,22.0,invierno_22C,G,4,45.0,4763.098653148097,26430.0,14.16,14048.0,4763.098653148097,7.525714285714286,12382.0,0.0,1491.1672394846971,439,32.0,1.0,1.0,16.0,0.01
2366833,14,Los Rios,10112,Lago Ranco,3,1,22.0,invierno_22C,F,2,100.0,19637.230995839527,26430.0,14.16,26430.0,10917.665468256571,14.158928571428572,0.0,8719.565527582954,1906.7650023053786,826,32.0,1.0,1.0,16.0,0.01
2323851,14,Los Rios,10103,Lanco,4,1,22.0,invierno_22C,F,2,46.0,7804.989337951476,26430.0,14.16,21568.0,7804.989337951476,11.554285714285715,4862.0,0.0,2182.4777408147993,674,32.0,1.0,1.0,16.0,0.01
2363208,14,Los Rios,10111,Río Bueno,5,1,22.0,invierno_22C,F,2,100.0,15369.211521369785,26430.0,14.16,26430.0,10616.552925811997,14.158928571428572,0.0,4752.6585955577875,2131.2858535833425,826,32.0,1.0,1.0,16.0,0.01
2331913,14,Los Rios,10105,Futrono,6,1,22.0,invierno_22C,F,4,55.0,11785.620728299897,26430.0,14.16,26430.0,10203.455534996532,14.158928571428572,0.0,1582.1651933033631,2435.6102637409704,826,32.0,1.0,1.0,16.0,0.01
2339667,14,Los Rios,10108,Panguipulli,7,1,22.0,invierno_22C,F,3,72.0,12922.180979142668,26430.0,14.16,26430.0,10488.98512096575,14.158928571428572,0.0,2433.1958581769168,2209.9721155339826,826,32.0,1.0,1.0,16.0,0.01
2329058,14,Los Rios,10104,Los Lagos,8,1,22.0,invierno_22C,F,3,57.0,8965.645703182023,26430.0,14.16,24192.0,8965.645703182023,12.959999999999999,2238.0,0.0,2336.7590419877665,756,32.0,1.0,1.0,16.0,0.01
2321745,14,Los Rios,10102,Mariquina,9,1,22.0,invierno_22C,G,3,43.0,3691.416843888001,26430.0,14.16,11360.0,3691.416843888001,6.085714285714285,15070.0,0.0,1233.2299374108047,355,32.0,1.0,1.0,16.0,0.01
2334265,14,Los Rios,10106,Corral,10,1,22.0,invierno_22C,G,8,90.0,5762.927748491232,26430.0,14.16,16288.0,5762.927748491232,8.725714285714286,10142.0,0.0,1669.1201428592458,509,32.0,1.0,1.0,16.0,0.01
2350060,14,Los Rios,10109,La Unión,11,1,22.0,invierno_22C,F,2,50.0,9011.699152807967,26430.0,14.16,24384.0,9011.699152807967,13.062857142857146,2046.0,0.0,2385.8904084566084,762,32.0,1.0,1.0,16.0,0.01
2336620,14,Los Rios,10107,Máfil,12,1,22.0,invierno_22C,G,4,42.0,4677.569225202621,26430.0,14.16,13824.0,4677.569225202621,7.405714285714287,12606.0,0.0,1452.224871631389,432,32.0,1.0,1.0,16.0,0.01
2334777,14,Los Rios,10106,Corral,13,1,22.0,invierno_22C,G,4,48.0,5534.063096379543,26430.0,14.16,16000.0,5534.063096379543,8.571428571428571,10430.0,0.0,1675.0840781433071,500,32.0,1.0,1.0,16.0,0.01
2321737,14,Los Rios,10102,Mariquina,14,1,22.0,invierno_22C,G,5,54.0,4823.076750687164,26430.0,14.16,14080.0,4823.076750687164,7.542857142857143,12350.0,0.0,1465.5264435327342,440,32.0,1.0,1.0,16.0,0.01
2354580,14,Los Rios,10110,Paillaco,15,1,22.0,invierno_22C,F,2,42.0,7653.638443445986,26430.0,14.16,21248.0,7653.638443445986,11.382857142857143,5182.0,0.0,2164.444428785889,664,32.0,1.0,1.0,16.0,0.01
2331594,14,Los Rios,10105,Futrono,16,1,22.0,invierno_22C,F,4,56.0,11935.319566696437,26430.0,14.16,26430.0,10222.78437254499,14.158928571428572,0.0,1712.5351941514461,2425.398794540378,826,32.0,1.0,1.0,16.0,0.01
2326412,14,Los Rios,10103,Lanco,17,1,22.0,invierno_22C,F,3,73.0,10905.974864826978,26430.0,14.16,26430.0,10209.566564118748,14.158928571428572,0.0,696.4083007082307,2363.5285235202755,826,32.0,1.0,1.0,16.0,0.01
2342848,14,Los Rios,10108,Panguipulli,18,1,22.0,invierno_22C,F,6,200.0,20093.54498097098,26430.0,14.16,26430.0,11129.263891306022,14.158928571428572,0.0,8964.281089664957,1732.5953480770822,826,32.0,1.0,1.0,16.0,0.01
2328792,14,Los Rios,10104,Los Lagos,19,1,22.0,invierno_22C,F,2,38.0,7033.185177441809,26430.0,14.16,19648.0,7033.185177441809,10.525714285714287,6782.0,0.0,1995.4833865404214,614,32.0,1.0,1.0,16.0,0.01
2363323,14,Los Rios,10111,Río Bueno,20,1,22.0,invierno_22C,F,3,145.0,20304.154646719406,26430.0,14.16,26430.0,11015.483683046597,14.158928571428572,0.0,9288.670963672806,1809.505548810827,826,32.0,1.0,1.0,16.0,0.01
2335409,14,Los Rios,10107,Máfil,21,1,22.0,invierno_22C,G,8,60.0,3416.590808247409,26430.0,14.16,10272.0,3416.590808247409,5.502857142857144,16158.0,0.0,1088.1253356538377,321,32.0,1.0,1.0,16.0,0.01
2353618,14,Los Rios,10109,La Unión,22,1,22.0,invierno_22C,F,8,60.0,8111.2130509883045,26430.0,14.16,22112.0,8111.2130509883045,11.845714285714285,4318.0,0.0,2156.5461273640867,691,32.0,1.0,1.0,16.0,0.01
2284689,14,Los Rios,10101,Valdivia,23,1,22.0,invierno_22C,G,3,39.0,4915.606439996093,26430.0,14.16,14496.0,4915.606439996093,7.765714285714285,11934.0,0.0,1536.9488520131317,453,32.0,1.0,1.0,16.0,0.01
2365647,14,Los Rios,10112,Lago Ranco,24,1,22.0,invierno_22C,F,2,91.0,18254.554931535757,26430.0,14.16,26430.0,10779.52027773592,14.158928571428572,0.0,7475.0346537998375,2024.713987295796,826,32.0,1.0,1.0,16.0,0.01
2331769,14,Los Rios,10105,Futrono,25,1,22.0,invierno_22C,F,1,351.0,46734.951392795905,26430.0,14.16,26430.0,11815.121483303496,14.158928571428572,0.0,34919.829909492415,1157.821292130171,826,32.0,1.0,1.0,16.0,0.01
2280231,14,Los Rios,10101,Valdivia,26,1,22.0,invierno_22C,G,3,82.0,6403.075147853137,26430.0,14.16,17824.0,6403.075147853137,9.548571428571428,8606.0,0.0,1787.2128198055439,557,32.0,1.0,1.0,16.0,0.01
2350425,14,Los Rios,10109,La Unión,27,1,22.0,invierno_22C,F,2,35.0,7024.950288137737,26430.0,14.16,19744.0,7024.950288137737,10.577142857142858,6686.0,0.0,2045.2717379300225,617,32.0,1.0,1.0,16.0,0.01
2342810,14,Los Rios,10108,Panguipulli,28,1,22.0,invierno_22C,F,2,36.0,8331.10339314546,26430.0,14.16,22848.0,8331.10339314546,12.24,3582.0,0.0,2296.202111023487,714,32.0,1.0,1.0,16.0,0.01
2334311,14,Los Rios,10106,Corral,29,1,22.0,invierno_22C,G,4,56.0,8128.400605123327,26430.0,14.16,22304.0,8128.400605123327,11.94857142857143,4126.0,0.0,2218.7227972650626,697,32.0,1.0,1.0,16.0,0.01
2365900,14,Los Rios,10112,Lago Ranco,30,1,22.0,invierno_22C,F,2,28.0,7971.958323725498,26430.0,14.16,22048.0,7971.958323725498,11.811428571428573,4382.0,0.0,2262.4587535242676,689,32.0,1.0,1.0,16.0,0.01
2354832,14,Los Rios,10110,Paillaco,31,1,22.0,invierno_22C,F,6,85.0,11325.676555273309,26430.0,14.16,26430.0,10322.003827987692,14.158928571428572,0.0,1003.6727272856167,2292.2661327451992,826,32.0,1.0,1.0,16.0,0.01
2322465,14,Los Rios,10102,Mariquina,32,1,22.0,invierno_22C,G,1,30.0,4241.388406878586,26430.0,14.16,12864.0,4241.388406878586,6.8914285714285715,13566.0,0.0,1383.0467453904423,402,32.0,1.0,1.0,16.0,0.01
2362450,14,Los Rios,10111,Río Bueno,33,1,22.0,invierno_22C,F,3,44.0,7678.100404212535,26430.0,14.16,21312.0,7678.100404212535,11.417142857142858,5118.0,0.0,2180.5937670038265,666,32.0,1.0,1.0,16.0,0.01
2355533,14,Los Rios,10110,Paillaco,1,1,24.0,invierno_24C,F,3,49.0,8761.068333960773,26430.0,14.16,23776.0,8761.068333960773,12.737142857142858,2654.0,0.0,2331.841311675078,743,32.0,1.0,1.0,16.0,0.01
2301379,14,Los Rios,10101,Valdivia,2,1,24.0,invierno_24C,G,4,45.0,5224.931480950319,26430.0,14.16,15136.0,5224.931480950319,8.108571428571429,11294.0,0.0,1577.0119796460815,473,32.0,1.0,1.0,16.0,0.01
2366833,14,Los Rios,10112,Lago Ranco,3,1,24.0,invierno_24C,F,2,100.0,20611.917383851367,26430.0,14.16,26430.0,11022.136620738744,14.158928571428572,0.0,9589.780763112622,1813.7403256295904,826,32.0,1.0,1.0,16.0,0.01
2323851,14,Los Rios,10103,Lanco,4,1,24.0,invierno_24C,F,2,46.0,8331.430359723874,26430.0,14.16,22752.0,8331.430359723874,12.188571428571427,3678.0,0.0,2258.2585881238756,711,32.0,1.0,1.0,16.0,0.01
2363208,14,Los Rios,10111,Río Bueno,5,1,24.0,invierno_24C,F,2,100.0,16340.494547004746,26430.0,14.16,26430.0,10709.289438517571,14.158928571428572,0.0,5631.2051084871755,2060.115638011841,826,32.0,1.0,1.0,16.0,0.01
2331913,14,Los Rios,10105,Futrono,6,1,24.0,invierno_24C,F,4,55.0,12418.241463515582,26430.0,14.16,26430.0,10284.920150625396,14.158928571428572,0.0,2133.3213128901843,2389.025769502475,826,32.0,1.0,1.0,16.0,0.01
2339667,14,Los Rios,10108,Panguipulli,7,1,24.0,invierno_24C,F,3,72.0,13690.047761060814,26430.0,14.16,26430.0,10630.762141724967,14.158928571428572,0.0,3059.2856193358457,2101.589244530116,826,32.0,1.0,1.0,16.0,0.01
2329058,14,Los Rios,10104,Los Lagos,8,1,24.0,invierno_24C,F,3,57.0,9618.143603899502,26430.0,14.16,25664.0,9618.143603899502,13.748571428571429,766.0,0.0,2425.261879694016,802,32.0,1.0,1.0,16.0,0.01
2321745,14,Los Rios,10102,Mariquina,9,1,24.0,invierno_24C,G,3,43.0,4079.406758783048,26430.0,14.16,12288.0,4079.406758783048,6.582857142857143,14142.0,0.0,1309.0355832978626,384,32.0,1.0,1.0,16.0,0.01
2334265,14,Los Rios,10106,Corral,10,1,24.0,invierno_24C,G,8,90.0,6371.851580627945,26430.0,14.16,17664.0,6371.851580627945,9.462857142857143,8766.0,0.0,1753.1010055925453,552,32.0,1.0,1.0,16.0,0.01
2350060,14,Los Rios,10109,La Unión,11,1,24.0,invierno_24C,F,2,50.0,9605.601705822093,26430.0,14.16,25728.0,9605.601705822093,13.782857142857143,702.0,0.0,2468.0919746641684,804,32.0,1.0,1.0,16.0,0.01
2336620,14,Los Rios,10107,Máfil,12,1,24.0,invierno_24C,G,4,42.0,5130.056530875277,26430.0,14.16,14944.0,5130.056530875277,8.005714285714285,11486.0,0.0,1561.9712015702316,467,32.0,1.0,1.0,16.0,0.01
2334777,14,Los Rios,10106,Corral,13,1,24.0,invierno_24C,G,4,48.0,6019.666159914873,26430.0,14.16,17120.0,6019.666159914873,9.171428571428573,9310.0,0.0,1758.0802414889797,535,32.0,1.0,1.0,16.0,0.01
2321737,14,Los Rios,10102,Mariquina,14,1,24.0,invierno_24C,G,5,54.0,5351.011603746934,26430.0,14.16,15328.0,5351.011603746934,8.211428571428572,11102.0,0.0,1563.8083591864777,479,32.0,1.0,1.0,16.0,0.01
2354580,14,Los Rios,10110,Paillaco,15,1,24.0,invierno_24C,F,2,42.0,8186.64681799601,26430.0,14.16,22432.0,8186.64681799601,12.017142857142856,3998.0,0.0,2229.205665239289,701,32.0,1.0,1.0,16.0,0.01
2331594,14,Los Rios,10105,Futrono,16,1,24.0,invierno_24C,F,4,56.0,12575.322638437969,26430.0,14.16,26430.0,10354.023714971507,14.158928571428572,0.0,2221.298923466463,2322.7773694190464,826,32.0,1.0,1.0,16.0,0.01
2326412,14,Los Rios,10103,Lanco,17,1,24.0,invierno_24C,F,3,73.0,11666.282206325344,26430.0,14.16,26430.0,10404.547901575515,14.158928571428572,0.0,1261.7343047498289,2237.2743064585757,826,32.0,1.0,1.0,16.0,0.01
2342848,14,Los Rios,10108,Panguipulli,18,1,24.0,invierno_24C,F,6,200.0,21357.39079861598,26430.0,14.16,26430.0,11142.145436009769,14.158928571428572,0.0,10215.24536260621,1733.35685118739,826,32.0,1.0,1.0,16.0,0.01
2328792,14,Los Rios,10104,Los Lagos,19,1,24.0,invierno_24C,F,2,38.0,7533.306645983941,26430.0,14.16,20800.0,7533.306645983941,11.142857142857142,5630.0,0.0,2077.9486845321653,650,32.0,1.0,1.0,16.0,0.01
2363323,14,Los Rios,10111,Río Bueno,20,1,24.0,invierno_24C,F,3,145.0,21596.31280535293,26430.0,14.16,26430.0,11039.061437952372,14.158928571428572,0.0,10557.251367400551,1799.6608925919095,826,32.0,1.0,1.0,16.0,0.01
2335409,14,Los Rios,10107,Máfil,21,1,24.0,invierno_24C,G,8,60.0,3887.5576379363483,26430.0,14.16,11424.0,3887.5576379363483,6.12,15006.0,0.0,1193.9827547069751,357,32.0,1.0,1.0,16.0,0.01
2353618,14,Los Rios,10109,La Unión,22,1,24.0,invierno_24C,F,8,60.0,8786.649272311392,26430.0,14.16,23616.0,8786.649272311392,12.651428571428571,2814.0,0.0,2238.698048679015,738,32.0,1.0,1.0,16.0,0.01
2284689,14,Los Rios,10101,Valdivia,23,1,24.0,invierno_24C,G,3,39.0,5347.374595853855,26430.0,14.16,15552.0,5347.374595853855,8.331428571428573,10878.0,0.0,1635.02316422022,486,32.0,1.0,1.0,16.0,0.01
2365647,14,Los Rios,10112,Lago Ranco,24,1,24.0,invierno_24C,F,2,91.0,19163.494416005167,26430.0,14.16,26430.0,10908.959927114132,14.158928571428572,0.0,8254.534488891033,1907.3563093639755,826,32.0,1.0,1.0,16.0,0.01
2331769,14,Los Rios,10105,Futrono,25,1,24.0,invierno_24C,F,1,351.0,49076.25811509218,26430.0,14.16,26430.0,11815.121483303496,14.158928571428572,0.0,37261.136631788686,1157.821292130171,826,32.0,1.0,1.0,16.0,0.01
2280231,14,Los Rios,10101,Valdivia,26,1,24.0,invierno_24C,G,3,82.0,6975.9143780082295,26430.0,14.16,19104.0,6975.9143780082295,10.234285714285717,7326.0,0.0,1859.9603570575516,597,32.0,1.0,1.0,16.0,0.01
2350425,14,Los Rios,10109,La Unión,27,1,24.0,invierno_24C,F,2,35.0,7482.470058032178,26430.0,14.16,20832.0,7482.470058032178,11.159999999999998,5598.0,0.0,2139.32185730839,651,32.0,1.0,1.0,16.0,0.01
2342810,14,Los Rios,10108,Panguipulli,28,1,24.0,invierno_24C,F,2,36.0,8816.673572028163,26430.0,14.16,24032.0,8816.673572028163,12.874285714285714,2398.0,0.0,2404.8081230474436,751,32.0,1.0,1.0,16.0,0.01
2334311,14,Los Rios,10106,Corral,29,1,24.0,invierno_24C,G,4,56.0,8732.8290088013,26430.0,14.16,23712.0,8732.8290088013,12.702857142857143,2718.0,0.0,2323.476294886674,741,32.0,1.0,1.0,16.0,0.01
2365900,14,Los Rios,10112,Lago Ranco,30,1,24.0,invierno_24C,F,2,28.0,8386.57062855793,26430.0,14.16,22976.0,8386.57062855793,12.30857142857143,3454.0,0.0,2316.816310512989,718,32.0,1.0,1.0,16.0,0.01
2354832,14,Los Rios,10110,Paillaco,31,1,24.0,invierno_24C,F,6,85.0,12189.847399019081,26430.0,14.16,26430.0,10472.508448546123,14.158928571428572,0.0,1717.338950472956,2200.84280119186,826,32.0,1.0,1.0,16.0,0.01
2322465,14,Los Rios,10102,Mariquina,32,1,24.0,invierno_24C,G,1,30.0,4604.886023812288,26430.0,14.16,13760.0,4604.886023812288,7.371428571428572,12670.0,0.0,1468.1787768324998,430,32.0,1.0,1.0,16.0,0.01
2362450,14,Los Rios,10111,Río Bueno,33,1,24.0,invierno_24C,F,3,44.0,8189.393291641868,26430.0,14.16,22496.0,8189.393291641868,12.051428571428572,3934.0,0.0,2261.269430720429,703,32.0,1.0,1.0,16.0,0.01
2542125,10,Los Lagos,10503,Futaleufú,1,1,,perfil_actual,I,2,48.0,10459.312208885525,30045.0,16.1,30045.0,8010.779109130159,16.095535714285713,0.0,2448.5330997553665,7011.720890869842,939,32.0,2.0,1.0,8.0,0.0
2503522,10,Los Lagos,10307,Maullín,2,1,,perfil_actual,G,4,143.0,12431.094643396767,30045.0,16.1,30045.0,8800.458398768944,16.095535714285713,0.0,3630.636244627827,6222.041601231057,939,32.0,2.0,1.0,8.0,0.0
2417895,10,Los Lagos,10206,Purranque,3,1,,perfil_actual,G,6,45.0,3857.182023045295,30045.0,16.1,16672.0,3857.182023045295,8.931428571428572,13373.0,0.0,4472.513197588876,521,32.0,2.0,1.0,8.0,0.0
2505442,10,Los Lagos,10308,Los Muermos,4,1,,perfil_actual,G,6,72.0,6382.990216508372,30045.0,16.1,25440.0,6382.512474354598,13.628571428571428,4605.0,0.47774215377394214,6331.029819356804,795,32.0,2.0,1.0,8.0,0.0
2538086,10,Los Lagos,10407,Quemchi,5,1,,perfil_actual,G,5,70.0,6163.3154429913,30045.0,16.1,25280.0,6163.3154429913,13.542857142857143,4765.0,0.0,6471.543749060634,790,32.0,2.0,1.0,8.0,0.0
2528452,10,Los Lagos,10405,Puqueldón,6,1,,perfil_actual,G,8,63.0,3478.3613152149364,30045.0,16.1,15328.0,3478.3613152149364,8.211428571428572,14717.0,0.0,4178.111736069597,479,32.0,2.0,1.0,8.0,0.0
2540452,10,Los Lagos,10501,Chaitén,7,1,,perfil_actual,G,2,54.0,10510.315910602852,30045.0,16.1,30045.0,8060.19224962607,16.095535714285713,0.0,2450.1236609767807,6962.30775037393,939,32.0,2.0,1.0,8.0,0.0
2539513,10,Los Lagos,10410,Curaco de Vélez,8,1,,perfil_actual,G,3,90.0,8830.461315713472,30045.0,16.1,30045.0,7886.109114744728,16.095535714285713,0.0,944.3522009687442,7136.390885255271,939,32.0,2.0,1.0,8.0,0.0
2493208,10,Los Lagos,10304,Fresia,9,1,,perfil_actual,G,3,147.0,15102.946856054397,30045.0,16.1,30045.0,9175.860573846505,16.095535714285713,0.0,5927.086282207894,5846.639426153495,939,32.0,2.0,1.0,8.0,0.0
2412585,10,Los Lagos,10202,San Pablo,10,1,,perfil_actual,G,5,64.0,4052.300110544241,30045.0,16.1,17120.0,4052.300110544241,9.171428571428573,12925.0,0.0,4506.51204836021,535,32.0,2.0,1.0,8.0,0.0
2523912,10,Los Lagos,10402,Chonchi,11,1,,perfil_actual,G,8,84.0,8421.313447941122,30045.0,16.1,30045.0,7807.094789453937,16.095535714285713,0.0,614.2186584871843,7215.405210546064,939,32.0,2.0,1.0,8.0,0.0
2541906,10,Los Lagos,10502,Hualaihué,12,1,,perfil_actual,G,2,48.0,10554.663984688403,30045.0,16.1,30045.0,8035.8042903106,16.095535714285713,0.0,2518.859694377801,6986.695709689399,939,32.0,2.0,1.0,8.0,0.0
2401699,10,Los Lagos,10201,Osorno,13,1,,perfil_actual,G,5,70.0,6055.589054011837,30045.0,16.1,24064.0,6055.196668203601,12.891428571428573,5981.0,0.3923858082359821,5971.7653090876665,752,32.0,2.0,1.0,8.0,0.0
2414013,10,Los Lagos,10204,Puyehue,14,1,,perfil_actual,G,4,46.0,3913.5588696213176,30045.0,16.1,17232.0,3913.5588696213176,9.231428571428571,12813.0,0.0,4694.9737529676295,539,32.0,2.0,1.0,8.0,0.0
2542758,10,Los Lagos,10504,Palena,15,1,,perfil_actual,I,3,39.0,9189.563847722511,30045.0,16.1,30045.0,7745.639190668524,16.095535714285713,0.0,1443.9246570539888,7276.860809331478,939,32.0,2.0,1.0,8.0,0.0
2496570,10,Los Lagos,10305,Frutillar,16,1,,perfil_actual,G,3,50.0,4889.883403083926,30045.0,16.1,20672.0,4889.883403083926,11.074285714285715,9373.0,0.0,5442.380904207506,646,32.0,2.0,1.0,8.0,0.0
2481705,10,Los Lagos,10302,Cochamó,17,1,,perfil_actual,G,8,116.0,14755.89876185831,30045.0,16.1,30045.0,8889.4437451845,16.095535714285713,0.0,5866.45501667381,6133.056254815499,939,32.0,2.0,1.0,8.0,0.0
2510289,10,Los Lagos,10309,Calbuco,18,1,,perfil_actual,G,8,37.0,1686.685991149357,30045.0,16.1,7872.0,1686.685991149357,4.217142857142857,22173.0,0.0,2244.928463288042,246,32.0,2.0,1.0,8.0,0.0
2539783,10,Los Lagos,10415,Quinchao,19,1,,perfil_actual,G,8,160.0,14057.50489263422,30045.0,16.1,30045.0,8727.919950630998,16.095535714285713,0.0,5329.584942003223,6294.580049369002,939,32.0,2.0,1.0,8.0,0.0
2416188,10,Los Lagos,10205,Río Negro,20,1,,perfil_actual,G,2,86.0,9426.082226574921,30045.0,16.1,30045.0,8201.883047745172,16.095535714285713,0.0,1224.1991788297491,6820.616952254828,939,32.0,2.0,1.0,8.0,0.0
2514531,10,Los Lagos,10401,Castro,21,1,,perfil_actual,G,8,45.0,4011.374175040702,30045.0,16.1,17504.0,4011.374175040702,9.377142857142857,12541.0,0.0,4736.493728973131,547,32.0,2.0,1.0,8.0,0.0
2433844,10,Los Lagos,10301,Puerto Montt,22,1,,perfil_actual,G,3,45.0,7250.293429977557,30045.0,16.1,29248.0,7250.268132961664,15.668571428571429,797.0,0.025297015892959074,7369.848046205597,914,32.0,2.0,1.0,8.0,0.0
2527211,10,Los Lagos,10404,Quellón,23,1,,perfil_actual,G,3,42.0,6930.536395720623,30045.0,16.1,28768.0,6930.536395720623,15.411428571428573,1277.0,0.0,7449.254969897686,899,32.0,2.0,1.0,8.0,0.0
2534605,10,Los Lagos,10406,Ancud,24,1,,perfil_actual,G,4,96.0,8133.195325042005,30045.0,16.1,30045.0,7783.339209348872,16.095535714285713,0.0,349.85611569313267,7239.160790651128,939,32.0,2.0,1.0,8.0,0.0
2486701,10,Los Lagos,10303,Puerto Varas,25,1,,perfil_actual,G,4,49.0,7356.664139251014,30045.0,16.1,29408.0,7356.563908189012,15.754285714285714,637.0,0.10023106200146525,7341.514444663824,919,32.0,2.0,1.0,8.0,0.0
2413153,10,Los Lagos,10203,Puerto Octay,26,1,,perfil_actual,G,3,38.0,6582.772879729804,30045.0,16.1,27168.0,6582.772879729804,14.554285714285717,2877.0,0.0,6996.657147679514,849,32.0,2.0,1.0,8.0,0.0
2502273,10,Los Lagos,10306,Llanquihue,27,1,,perfil_actual,G,3,40.0,5480.9826013561515,30045.0,16.1,23040.0,5480.9826013561515,12.342857142857143,7005.0,0.0,6034.076931353729,720,32.0,2.0,1.0,8.0,0.0
2539064,10,Los Lagos,10408,Dalcahue,28,1,,perfil_actual,G,1,120.0,9091.021759579817,30045.0,16.1,30045.0,7900.4480706465765,16.095535714285713,0.0,1190.5736889332413,7122.0519293534235,939,32.0,2.0,1.0,8.0,0.0
2421997,10,Los Lagos,10207,San Juan de la Costa,29,1,,perfil_actual,G,2,56.0,6537.549709890034,30045.0,16.1,26400.0,6537.383555726923,14.142857142857142,3645.0,0.1661541631106549,6657.069248897823,825,32.0,2.0,1.0,8.0,0.0
2524402,10,Los Lagos,10403,Queilén,30,1,,perfil_actual,G,3,58.0,6446.008882410939,30045.0,16.1,26784.0,6446.008882410939,14.34857142857143,3261.0,0.0,6941.521867362522,837,32.0,2.0,1.0,8.0,0.0
2416950,10,Los Lagos,10205,Río Negro,31,1,,perfil_actual,G,8,200.0,10272.905337207632,30045.0,16.1,30045.0,8595.789541550765,16.095535714285713,0.0,1677.115795656868,6426.710458449235,939,32.0,2.0,1.0,8.0,0.0
2507602,10,Los Lagos,10308,Los Muermos,32,1,,perfil_actual,G,8,124.0,10754.514941221169,30045.0,16.1,30045.0,8597.524037957444,16.095535714285713,0.0,2156.990903263727,6424.9759620425575,939,32.0,2.0,1.0,8.0,0.0
2524049,10,Los Lagos,10403,Queilén,33,1,,perfil_actual,G,3,50.0,5688.3297265952115,30045.0,16.1,24128.0,5688.3297265952115,12.925714285714287,5917.0,0.0,6369.764887299655,754,32.0,2.0,1.0,8.0,0.0
2540169,10,Los Lagos,10501,Chaitén,34,1,,perfil_actual,G,1,36.0,7517.2835294880815,30045.0,16.1,30045.0,7407.970883256172,16.095535714285713,0.0,109.31264623190951,7614.529116743827,939,32.0,2.0,1.0,8.0,0.0
2503570,10,Los Lagos,10307,Maullín,35,1,,perfil_actual,G,4,141.0,12254.125368524354,30045.0,16.1,30045.0,8756.047575432634,16.095535714285713,0.0,3498.0777930917197,6266.4524245673665,939,32.0,2.0,1.0,8.0,0.0
2485422,10,Los Lagos,10303,Puerto Varas,36,1,,perfil_actual,G,6,17.0,2126.6431828104905,30045.0,16.1,10080.0,2126.6431828104905,5.3999999999999995,19965.0,0.0,2906.220809936387,315,32.0,2.0,1.0,8.0,0.0
2481759,10,Los Lagos,10302,Cochamó,37,1,,perfil_actual,G,8,49.0,7538.76409782342,30045.0,16.1,30045.0,7538.75730412505,16.095535714285713,0.0,0.006793698370240353,7482.684586921647,939,32.0,2.0,1.0,8.0,0.0
2514892,10,Los Lagos,10401,Castro,38,1,,perfil_actual,G,8,48.0,4341.35015157801,30045.0,16.1,18720.0,4341.35015157801,10.028571428571428,11325.0,0.0,5013.0153478581105,585,32.0,2.0,1.0,8.0,0.0
2537857,10,Los Lagos,10407,Quemchi,39,1,,perfil_actual,G,8,35.0,1867.8811225698846,30045.0,16.1,8768.0,1867.8811225698846,4.6971428571428575,21277.0,0.0,2511.9208224355575,274,32.0,2.0,1.0,8.0,0.0
2540119,10,Los Lagos,10415,Quinchao,40,1,,perfil_actual,G,8,47.0,3569.346312708792,30045.0,16.1,15936.0,3569.346312708792,8.537142857142857,14109.0,0.0,4394.368427122133,498,32.0,2.0,1.0,8.0,0.0
2542914,10,Los Lagos,10504,Palena,41,1,,perfil_actual,I,2,52.0,11842.932879595466,30045.0,16.1,30045.0,8194.81367820627,16.095535714285713,0.0,3648.1192013891937,6827.68632179373,939,32.0,2.0,1.0,8.0,0.0
2418342,10,Los Lagos,10206,Purranque,42,1,,perfil_actual,G,4,43.0,4303.5274924296045,30045.0,16.1,18400.0,4303.5274924296045,9.857142857142858,11645.0,0.0,4890.565953339341,575,32.0,2.0,1.0,8.0,0.0
2525737,10,Los Lagos,10404,Quellón,43,1,,perfil_actual,G,4,69.0,7716.266136278649,30045.0,16.1,30045.0,7513.784623934672,16.095535714285713,0.0,202.4815123439775,7508.715376065328,939,32.0,2.0,1.0,8.0,0.0
2541010,10,Los Lagos,10502,Hualaihué,44,1,,perfil_actual,G,8,48.0,7711.163831480964,30045.0,16.1,30045.0,7534.952282614435,16.095535714285713,0.0,176.2115488665289,7487.547717385564,939,32.0,2.0,1.0,8.0,0.0
2495422,10,Los Lagos,10305,Frutillar,45,1,,perfil_actual,G,4,58.0,5292.968263114113,30045.0,16.1,22016.0,5292.968263114113,11.794285714285714,8029.0,0.0,5707.875776224883,688,32.0,2.0,1.0,8.0,0.0
2539063,10,Los Lagos,10408,Dalcahue,46,1,,perfil_actual,G,1,44.0,4729.704338523085,30045.0,16.1,20640.0,4729.704338523085,11.057142857142859,9405.0,0.0,5583.322970292216,645,32.0,2.0,1.0,8.0,0.0
2414877,10,Los Lagos,10204,Puyehue,47,1,,perfil_actual,G,3,47.0,5631.978543472564,30045.0,16.1,23328.0,5631.978543472564,12.497142857142858,6717.0,0.0,6027.125782488533,729,32.0,2.0,1.0,8.0,0.0
2523693,10,Los Lagos,10402,Chonchi,48,1,,perfil_actual,G,3,75.0,8154.931205780243,30045.0,16.1,30045.0,7668.675140477343,16.095535714285713,0.0,486.2560653028984,7353.824859522656,939,32.0,2.0,1.0,8.0,0.0
2492578,10,Los Lagos,10304,Fresia,49,1,,perfil_actual,G,2,43.0,4955.387643288207,30045.0,16.1,20992.0,4955.387643288207,11.245714285714286,9053.0,0.0,5535.32371374879,656,32.0,2.0,1.0,8.0,0.0
2501212,10,Los Lagos,10306,Llanquihue,50,1,,perfil_actual,G,3,39.0,4210.8691293302045,30045.0,16.1,18304.0,4210.8691293302045,9.805714285714288,11741.0,0.0,4933.7584793762035,572,32.0,2.0,1.0,8.0,0.0
2539494,10,Los Lagos,10410,Curaco de Vélez,51,1,,perfil_actual,G,8,84.0,6503.463893242374,30045.0,16.1,26016.0,6503.15508238703,13.937142857142856,4029.0,0.3088108553454232,6498.594146319381,813,32.0,2.0,1.0,8.0,0.0
2508806,10,Los Lagos,10309,Calbuco,52,1,,perfil_actual,G,8,49.0,2545.594854628839,30045.0,16.1,11520.0,2545.594854628839,6.171428571428572,18525.0,0.0,3206.5799846895507,360,32.0,2.0,1.0,8.0,0.0
2542125,10,Los Lagos,10503,Futaleufú,1,1,22.0,invierno_22C,I,2,48.0,11729.031353915047,30045.0,16.1,30045.0,8451.531862581622,16.095535714285713,0.0,3277.499491333425,6570.96813741838,939,32.0,2.0,1.0,8.0,0.0
2503522,10,Los Lagos,10307,Maullín,2,1,22.0,invierno_22C,G,4,143.0,14569.272038584812,30045.0,16.1,30045.0,9389.572293233989,16.095535714285713,0.0,5179.699745350824,5632.927706766011,939,32.0,2.0,1.0,8.0,0.0
2417895,10,Los Lagos,10206,Purranque,3,1,22.0,invierno_22C,G,6,45.0,4703.116750561391,30045.0,16.1,19584.0,4703.116750561391,10.491428571428573,10461.0,0.0,5082.578470072779,612,32.0,2.0,1.0,8.0,0.0
2505442,10,Los Lagos,10308,Los Muermos,4,1,22.0,invierno_22C,G,6,72.0,7601.333917825622,30045.0,16.1,28864.0,7585.7746980852535,15.462857142857144,1181.0,15.559219740369656,6839.76759562615,902,32.0,2.0,1.0,8.0,0.0
2538086,10,Los Lagos,10407,Quemchi,5,1,22.0,invierno_22C,G,5,70.0,7358.2095609500075,30045.0,16.1,28864.0,7356.956429492589,15.462857142857144,1181.0,1.2531314574186885,7069.902762559344,902,32.0,2.0,1.0,8.0,0.0
2528452,10,Los Lagos,10405,Puqueldón,6,1,22.0,invierno_22C,G,8,63.0,4368.001303090506,30045.0,16.1,18496.0,4367.994295775856,9.90857142857143,11549.0,0.007007314650115948,4872.478755508679,578,32.0,2.0,1.0,8.0,0.0
2540452,10,Los Lagos,10501,Chaitén,7,1,22.0,invierno_22C,G,2,54.0,11510.680993113403,30045.0,16.1,30045.0,8422.626340512048,16.095535714285713,0.0,3088.0546526013522,6599.873659487952,939,32.0,2.0,1.0,8.0,0.0
2539513,10,Los Lagos,10410,Curaco de Vélez,8,1,22.0,invierno_22C,G,3,90.0,10290.071385143832,30045.0,16.1,30045.0,8387.988803085314,16.095535714285713,0.0,1902.082582058519,6634.511196914686,939,32.0,2.0,1.0,8.0,0.0
2493208,10,Los Lagos,10304,Fresia,9,1,22.0,invierno_22C,G,3,147.0,17291.640855335045,30045.0,16.1,30045.0,9707.927820341043,16.095535714285713,0.0,7583.713034994001,5314.572179658957,939,32.0,2.0,1.0,8.0,0.0
2412585,10,Los Lagos,10202,San Pablo,10,1,22.0,invierno_22C,G,5,64.0,4956.558224777412,30045.0,16.1,20192.0,4956.158526018097,10.817142857142857,9853.0,0.39969875931494814,5138.653632886355,631,32.0,2.0,1.0,8.0,0.0
2523912,10,Los Lagos,10402,Chonchi,11,1,22.0,invierno_22C,G,8,84.0,9871.759542730402,30045.0,16.1,30045.0,8277.27380397113,16.095535714285713,0.0,1594.485738759272,6745.2261960288715,939,32.0,2.0,1.0,8.0,0.0
2541906,10,Los Lagos,10502,Hualaihué,12,1,22.0,invierno_22C,G,2,48.0,11478.567118771653,30045.0,16.1,30045.0,8328.048829573027,16.095535714285713,0.0,3150.5182891986256,6694.4511704269735,939,32.0,2.0,1.0,8.0,0.0
2401699,10,Los Lagos,10201,Osorno,13,1,22.0,invierno_22C,G,5,70.0,7245.017375397719,30045.0,16.1,27584.0,7230.524607466545,14.777142857142858,2461.0,14.492767931174257,6556.437369824725,862,32.0,2.0,1.0,8.0,0.0
2414013,10,Los Lagos,10204,Puyehue,14,1,22.0,invierno_22C,G,4,46.0,4659.185591959709,30045.0,16.1,19792.0,4659.107746142573,10.602857142857143,10253.0,0.07784581713644245,5229.424876446374,619,32.0,2.0,1.0,8.0,0.0
2542758,10,Los Lagos,10504,Palena,15,1,22.0,invierno_22C,I,3,39.0,10329.239979621556,30045.0,16.1,30045.0,8053.258802812461,16.095535714285713,0.0,2275.9811768090954,6969.24119718754,939,32.0,2.0,1.0,8.0,0.0
2496570,10,Los Lagos,10305,Frutillar,16,1,22.0,invierno_22C,G,3,50.0,5811.062513178642,30045.0,16.1,23680.0,5810.991752329892,12.685714285714287,6365.0,0.07076084874983879,6025.272554961542,740,32.0,2.0,1.0,8.0,0.0
2481705,10,Los Lagos,10302,Cochamó,17,1,22.0,invierno_22C,G,8,116.0,16253.024834149643,30045.0,16.1,30045.0,9154.346549862985,16.095535714285713,0.0,7098.67828428666,5868.153450137017,939,32.0,2.0,1.0,8.0,0.0
2510289,10,Los Lagos,10309,Calbuco,18,1,22.0,invierno_22C,G,8,37.0,2387.42678938816,30045.0,16.1,10688.0,2387.42678938816,5.725714285714287,19357.0,0.0,2954.107178158823,334,32.0,2.0,1.0,8.0,0.0
2539783,10,Los Lagos,10415,Quinchao,19,1,22.0,invierno_22C,G,8,160.0,16354.12199506957,30045.0,16.1,30045.0,9251.171713498963,16.095535714285713,0.0,7102.950281570607,5771.328286501037,939,32.0,2.0,1.0,8.0,0.0
2416188,10,Los Lagos,10205,Río Negro,20,1,22.0,invierno_22C,G,2,86.0,10832.917692025609,30045.0,16.1,30045.0,8595.646033669309,16.095535714285713,0.0,2237.2716583562997,6426.853966330691,939,32.0,2.0,1.0,8.0,0.0
2514531,10,Los Lagos,10401,Castro,21,1,22.0,invierno_22C,G,8,45.0,4860.116439395341,30045.0,16.1,20512.0,4860.116439395341,10.98857142857143,9533.0,0.0,5391.751464618493,641,32.0,2.0,1.0,8.0,0.0
2433844,10,Los Lagos,10301,Puerto Montt,22,1,22.0,invierno_22C,G,3,45.0,8131.68640019852,30045.0,16.1,30045.0,7682.613664140778,16.095535714285713,0.0,449.07273605774117,7339.886335859221,939,32.0,2.0,1.0,8.0,0.0
2527211,10,Los Lagos,10404,Quellón,23,1,22.0,invierno_22C,G,3,42.0,7870.3011636583105,30045.0,16.1,30045.0,7524.0274076649,16.095535714285713,0.0,346.27375599341,7498.4725923351,939,32.0,2.0,1.0,8.0,0.0
2534605,10,Los Lagos,10406,Ancud,24,1,22.0,invierno_22C,G,4,96.0,9667.733460482925,30045.0,16.1,30045.0,8305.196685952516,16.095535714285713,0.0,1362.5367745304063,6717.303314047484,939,32.0,2.0,1.0,8.0,0.0
2486701,10,Los Lagos,10303,Puerto Varas,25,1,22.0,invierno_22C,G,4,49.0,8290.26422894075,30045.0,16.1,30045.0,7803.753489054605,16.095535714285713,0.0,486.51073988614615,7218.746510945396,939,32.0,2.0,1.0,8.0,0.0
2413153,10,Los Lagos,10203,Puerto Octay,26,1,22.0,invierno_22C,G,3,38.0,7468.360688497753,30045.0,16.1,29920.0,7468.136437485597,16.02857142857143,125.0,0.22425101215594534,7487.293589923721,935,32.0,2.0,1.0,8.0,0.0
2502273,10,Los Lagos,10306,Llanquihue,27,1,22.0,invierno_22C,G,3,40.0,6392.052001825973,30045.0,16.1,25952.0,6392.052001825973,13.902857142857142,4093.0,0.0,6579.007530883908,811,32.0,2.0,1.0,8.0,0.0
2539064,10,Los Lagos,10408,Dalcahue,28,1,22.0,invierno_22C,G,1,120.0,10455.72356579922,30045.0,16.1,30045.0,8341.63117688003,16.095535714285713,0.0,2114.092388919191,6680.86882311997,939,32.0,2.0,1.0,8.0,0.0
2421997,10,Los Lagos,10207,San Juan de la Costa,29,1,22.0,invierno_22C,G,2,56.0,7559.548833209794,30045.0,16.1,29504.0,7558.343270309333,15.805714285714286,541.0,1.2055629004619934,7188.109534315414,922,32.0,2.0,1.0,8.0,0.0
2524402,10,Los Lagos,10403,Queilén,30,1,22.0,invierno_22C,G,3,58.0,7493.56961039583,30045.0,16.1,29984.0,7492.216397725959,16.062857142857144,61.0,1.353212669870945,7495.314352047501,937,32.0,2.0,1.0,8.0,0.0
2416950,10,Los Lagos,10205,Río Negro,31,1,22.0,invierno_22C,G,8,200.0,12235.38042807505,30045.0,16.1,30045.0,9231.365766280898,16.095535714285713,0.0,3004.014661794151,5791.134233719102,939,32.0,2.0,1.0,8.0,0.0
2507602,10,Los Lagos,10308,Los Muermos,32,1,22.0,invierno_22C,G,8,124.0,12648.006418048542,30045.0,16.1,30045.0,9187.014344337851,16.095535714285713,0.0,3460.9920737106927,5835.485655662149,939,32.0,2.0,1.0,8.0,0.0
2524049,10,Los Lagos,10403,Queilén,33,1,22.0,invierno_22C,G,3,50.0,6632.3564796096125,30045.0,16.1,27232.0,6632.192843492718,14.588571428571429,2813.0,0.16363611689507662,6977.901770402149,851,32.0,2.0,1.0,8.0,0.0
2540169,10,Los Lagos,10501,Chaitén,34,1,22.0,invierno_22C,G,1,36.0,8249.76189997986,30045.0,16.1,30045.0,7634.659504214097,16.095535714285713,0.0,615.102395765763,7387.840495785903,939,32.0,2.0,1.0,8.0,0.0
2503570,10,Los Lagos,10307,Maullín,35,1,22.0,invierno_22C,G,4,141.0,14366.880923036726,30045.0,16.1,30045.0,9330.19864281298,16.095535714285713,0.0,5036.682280223746,5692.30135718702,939,32.0,2.0,1.0,8.0,0.0
2485422,10,Los Lagos,10303,Puerto Varas,36,1,22.0,invierno_22C,G,6,17.0,2551.203056908118,30045.0,16.1,11840.0,2551.203056908118,6.342857142857143,18205.0,0.0,3361.6609358387595,370,32.0,2.0,1.0,8.0,0.0
2481759,10,Los Lagos,10302,Cochamó,37,1,22.0,invierno_22C,G,8,49.0,8451.741811604,30045.0,16.1,30045.0,7804.760785505825,16.095535714285713,0.0,646.9810260981758,7217.739214494176,939,32.0,2.0,1.0,8.0,0.0
2514892,10,Los Lagos,10401,Castro,38,1,22.0,invierno_22C,G,8,48.0,5233.115000288337,30045.0,16.1,21760.0,5233.115000288337,11.657142857142857,8285.0,0.0,5641.2504991477845,680,32.0,2.0,1.0,8.0,0.0
2537857,10,Los Lagos,10407,Quemchi,39,1,22.0,invierno_22C,G,8,35.0,2553.921695289628,30045.0,16.1,11552.0,2553.921695289628,6.1885714285714295,18493.0,0.0,3217.880249715814,361,32.0,2.0,1.0,8.0,0.0
2540119,10,Los Lagos,10415,Quinchao,40,1,22.0,invierno_22C,G,8,47.0,4459.380818330611,30045.0,16.1,19072.0,4459.380818330611,10.217142857142857,10973.0,0.0,5072.333921500313,596,32.0,2.0,1.0,8.0,0.0
2542914,10,Los Lagos,10504,Palena,41,1,22.0,invierno_22C,I,2,52.0,13227.214332308196,30045.0,16.1,30045.0,8690.405755314656,16.095535714285713,0.0,4536.808576993542,6332.094244685345,939,32.0,2.0,1.0,8.0,0.0
2418342,10,Los Lagos,10206,Purranque,42,1,22.0,invierno_22C,G,4,43.0,5125.71028669931,30045.0,16.1,21184.0,5125.627500107559,11.34857142857143,8861.0,0.08278659175114322,5460.465945661386,662,32.0,2.0,1.0,8.0,0.0
2525737,10,Los Lagos,10404,Quellón,43,1,22.0,invierno_22C,G,4,69.0,8897.580073197016,30045.0,16.1,30045.0,7866.056294868401,16.095535714285713,0.0,1031.523778328615,7156.443705131599,939,32.0,2.0,1.0,8.0,0.0
2541010,10,Los Lagos,10502,Hualaihué,44,1,22.0,invierno_22C,G,8,48.0,8610.409433266548,30045.0,16.1,30045.0,7848.00989376818,16.095535714285713,0.0,762.3995394983694,7174.49010623182,939,32.0,2.0,1.0,8.0,0.0
2495422,10,Los Lagos,10305,Frutillar,45,1,22.0,invierno_22C,G,4,58.0,6323.007781879672,30045.0,16.1,25376.0,6322.9652095718075,13.594285714285716,4669.0,0.04257230786472732,6357.878829767188,793,32.0,2.0,1.0,8.0,0.0
2539063,10,Los Lagos,10408,Dalcahue,46,1,22.0,invierno_22C,G,1,44.0,5458.872555409977,30045.0,16.1,23168.0,5458.872555409977,12.411428571428573,6877.0,0.0,6118.154753405324,724,32.0,2.0,1.0,8.0,0.0
2414877,10,Los Lagos,10204,Puyehue,47,1,22.0,invierno_22C,G,3,47.0,6534.331409146502,30045.0,16.1,26176.0,6534.167997346371,14.022857142857145,3869.0,0.16341180013227463,6548.936328614727,818,32.0,2.0,1.0,8.0,0.0
2523693,10,Los Lagos,10402,Chonchi,48,1,22.0,invierno_22C,G,3,75.0,9415.246489867603,30045.0,16.1,30045.0,8069.663809717131,16.095535714285713,0.0,1345.5826801504732,6952.836190282869,939,32.0,2.0,1.0,8.0,0.0
2492578,10,Los Lagos,10304,Fresia,49,1,22.0,invierno_22C,G,2,43.0,5780.951868512196,30045.0,16.1,23744.0,5780.85659070694,12.72,6301.0,0.09527780525518059,6085.854766330057,742,32.0,2.0,1.0,8.0,0.0
2501212,10,Los Lagos,10306,Llanquihue,50,1,22.0,invierno_22C,G,3,39.0,5003.879274094737,30045.0,16.1,21024.0,5003.879274094737,11.262857142857143,9021.0,0.0,5500.748334611669,657,32.0,2.0,1.0,8.0,0.0
2539494,10,Los Lagos,10410,Curaco de Vélez,51,1,22.0,invierno_22C,G,8,84.0,7868.88736119047,30045.0,16.1,29824.0,7857.780174069441,15.977142857142857,221.0,11.107187121027918,7047.969054636969,932,32.0,2.0,1.0,8.0,0.0
2508806,10,Los Lagos,10309,Calbuco,52,1,22.0,invierno_22C,G,8,49.0,3426.785564783446,30045.0,16.1,14848.0,3426.785564783446,7.954285714285714,15197.0,0.0,3989.389274534944,464,32.0,2.0,1.0,8.0,0.0
2542125,10,Los Lagos,10503,Futaleufú,1,1,24.0,invierno_24C,I,2,48.0,12240.219702457947,30045.0,16.1,30045.0,8669.382059880514,16.095535714285713,0.0,3570.837642577435,6353.117940119486,939,32.0,2.0,1.0,8.0,0.0
2503522,10,Los Lagos,10307,Maullín,2,1,24.0,invierno_24C,G,4,143.0,15722.157850401874,30045.0,16.1,30045.0,9751.35019920651,16.095535714285713,0.0,5970.807651195362,5271.14980079349,939,32.0,2.0,1.0,8.0,0.0
2417895,10,Los Lagos,10206,Purranque,3,1,24.0,invierno_24C,G,6,45.0,5164.188365540549,30045.0,16.1,20992.0,5163.874519208114,11.245714285714286,9053.0,0.31384633243553894,5325.820701426056,656,32.0,2.0,1.0,8.0,0.0
2505442,10,Los Lagos,10308,Los Muermos,4,1,24.0,invierno_24C,G,6,72.0,8261.833630769152,30045.0,16.1,30045.0,8094.201406766293,16.095535714285713,0.0,167.63222400285852,6928.298593233707,939,32.0,2.0,1.0,8.0,0.0
2538086,10,Los Lagos,10407,Quemchi,5,1,24.0,invierno_24C,G,5,70.0,8005.753097200832,30045.0,16.1,30045.0,7860.470174340887,16.095535714285713,0.0,145.2829228599444,7162.029825659113,939,32.0,2.0,1.0,8.0,0.0
2528452,10,Los Lagos,10405,Puqueldón,6,1,24.0,invierno_24C,G,8,63.0,4852.679421350803,30045.0,16.1,20096.0,4852.647190815079,10.765714285714285,9949.0,0.0322305357235817,5187.825860469455,628,32.0,2.0,1.0,8.0,0.0
2540452,10,Los Lagos,10501,Chaitén,7,1,24.0,invierno_24C,G,2,54.0,12051.69913459441,30045.0,16.1,30045.0,8631.414529528105,16.095535714285713,0.0,3420.2846050663043,6391.085470471895,939,32.0,2.0,1.0,8.0,0.0
2539513,10,Los Lagos,10410,Curaco de Vélez,8,1,24.0,invierno_24C,G,3,90.0,11074.515008235705,30045.0,16.1,30045.0,8631.013076811983,16.095535714285713,0.0,2443.501931423722,6391.486923188017,939,32.0,2.0,1.0,8.0,0.0
2493208,10,Los Lagos,10304,Fresia,9,1,24.0,invierno_24C,G,3,147.0,18474.786406261937,30045.0,16.1,30045.0,9931.653763081802,16.095535714285713,0.0,8543.132643180134,5090.846236918196,939,32.0,2.0,1.0,8.0,0.0
2412585,10,Los Lagos,10202,San Pablo,10,1,24.0,invierno_24C,G,5,64.0,5449.0014768616165,30045.0,16.1,21760.0,5448.19466690211,11.657142857142857,8285.0,0.8068099595068503,5430.617492002342,680,32.0,2.0,1.0,8.0,0.0
2523912,10,Los Lagos,10402,Chonchi,11,1,24.0,invierno_24C,G,8,84.0,10657.697966748738,30045.0,16.1,30045.0,8549.285299454445,16.095535714285713,0.0,2108.4126672942903,6473.214700545555,939,32.0,2.0,1.0,8.0,0.0
2541906,10,Los Lagos,10502,Hualaihué,12,1,24.0,invierno_24C,G,2,48.0,11977.567346343621,30045.0,16.1,30045.0,8563.473946549704,16.095535714285713,0.0,3414.093399793916,6459.026053450294,939,32.0,2.0,1.0,8.0,0.0
2401699,10,Los Lagos,10201,Osorno,13,1,24.0,invierno_24C,G,5,70.0,7891.243486346444,30045.0,16.1,29152.0,7858.293973270275,15.617142857142857,893.0,32.94951307616934,6712.668004020994,911,32.0,2.0,1.0,8.0,0.0
2414013,10,Los Lagos,10204,Puyehue,14,1,24.0,invierno_24C,G,4,46.0,5065.678667367605,30045.0,16.1,21136.0,5064.751864659548,11.322857142857144,8909.0,0.9268027080574108,5495.7807579293985,661,32.0,2.0,1.0,8.0,0.0
2542758,10,Los Lagos,10504,Palena,15,1,24.0,invierno_24C,I,3,39.0,10788.711191199382,30045.0,16.1,30045.0,8300.931425547435,16.095535714285713,0.0,2487.7797656519474,6721.568574452565,939,32.0,2.0,1.0,8.0,0.0
2496570,10,Los Lagos,10305,Frutillar,16,1,24.0,invierno_24C,G,3,50.0,6312.018280873211,30045.0,16.1,25280.0,6311.881354237686,13.542857142857143,4765.0,0.13692663552501783,6324.382953053747,790,32.0,2.0,1.0,8.0,0.0
2481705,10,Los Lagos,10302,Cochamó,17,1,24.0,invierno_24C,G,8,116.0,17062.237804363358,30045.0,16.1,30045.0,9399.403059186718,16.095535714285713,0.0,7662.834745176642,5623.096940813283,939,32.0,2.0,1.0,8.0,0.0
2510289,10,Los Lagos,10309,Calbuco,18,1,24.0,invierno_24C,G,8,37.0,2781.867780409262,30045.0,16.1,12224.0,2781.867780409262,6.548571428571428,17821.0,0.0,3325.7466740281366,382,32.0,2.0,1.0,8.0,0.0
2539783,10,Los Lagos,10415,Quinchao,19,1,24.0,invierno_24C,G,8,160.0,17590.37995683193,30045.0,16.1,30045.0,9535.246129968433,16.095535714285713,0.0,8055.133826863497,5487.253870031566,939,32.0,2.0,1.0,8.0,0.0
2416188,10,Los Lagos,10205,Río Negro,20,1,24.0,invierno_24C,G,2,86.0,11592.766425224114,30045.0,16.1,30045.0,8858.359922284808,16.095535714285713,0.0,2734.406502939306,6164.140077715192,939,32.0,2.0,1.0,8.0,0.0
2514531,10,Los Lagos,10401,Castro,21,1,24.0,invierno_24C,G,8,45.0,5323.002105979059,30045.0,16.1,21824.0,5322.797313717086,11.691428571428572,8221.0,0.20479226197334244,5585.0705902967475,682,32.0,2.0,1.0,8.0,0.0
2433844,10,Los Lagos,10301,Puerto Montt,22,1,24.0,invierno_24C,G,3,45.0,8608.910504962623,30045.0,16.1,30045.0,7847.290283562979,16.095535714285713,0.0,761.6202213996436,7175.209716437021,939,32.0,2.0,1.0,8.0,0.0
2527211,10,Los Lagos,10404,Quellón,23,1,24.0,invierno_24C,G,3,42.0,8379.090837861571,30045.0,16.1,30045.0,7658.76685893151,16.095535714285713,0.0,720.3239789300624,7363.73314106849,939,32.0,2.0,1.0,8.0,0.0
2534605,10,Los Lagos,10406,Ancud,24,1,24.0,invierno_24C,G,4,96.0,10498.521128375,30045.0,16.1,30045.0,8589.172506880677,16.095535714285713,0.0,1909.3486214943216,6433.327493119324,939,32.0,2.0,1.0,8.0,0.0
2486701,10,Los Lagos,10303,Puerto Varas,25,1,24.0,invierno_24C,G,4,49.0,8795.597892151545,30045.0,16.1,30045.0,7985.404811300447,16.095535714285713,0.0,810.193080851097,7037.095188699554,939,32.0,2.0,1.0,8.0,0.0
2413153,10,Los Lagos,10203,Puerto Octay,26,1,24.0,invierno_24C,G,3,38.0,7948.12455470136,30045.0,16.1,30045.0,7666.367685876868,16.095535714285713,0.0,281.75686882449196,7356.132314123132,939,32.0,2.0,1.0,8.0,0.0
2502273,10,Los Lagos,10306,Llanquihue,27,1,24.0,invierno_24C,G,3,40.0,6886.10190185397,30045.0,16.1,27520.0,6885.90792839665,14.742857142857144,2525.0,0.19397345731985993,6869.151604313231,860,32.0,2.0,1.0,8.0,0.0
2539064,10,Los Lagos,10408,Dalcahue,28,1,24.0,invierno_24C,G,1,120.0,11192.906833011926,30045.0,16.1,30045.0,8600.278544769108,16.095535714285713,0.0,2592.62828824282,6422.221455230893,939,32.0,2.0,1.0,8.0,0.0
2421997,10,Los Lagos,10207,San Juan de la Costa,29,1,24.0,invierno_24C,G,2,56.0,8113.504906288232,30045.0,16.1,30045.0,7928.691528993704,16.095535714285713,0.0,184.81337729452792,7093.808471006297,939,32.0,2.0,1.0,8.0,0.0
2524402,10,Los Lagos,10403,Queilén,30,1,24.0,invierno_24C,G,3,58.0,8059.598514128776,30045.0,16.1,30045.0,7659.778983811322,16.095535714285713,0.0,399.81953031745195,7362.721016188677,939,32.0,2.0,1.0,8.0,0.0
2416950,10,Los Lagos,10205,Río Negro,31,1,24.0,invierno_24C,G,8,200.0,13299.49002895544,30045.0,16.1,30045.0,9593.260089635718,16.095535714285713,0.0,3706.229939319722,5429.239910364283,939,32.0,2.0,1.0,8.0,0.0
2507602,10,Los Lagos,10308,Los Muermos,32,1,24.0,invierno_24C,G,8,124.0,13673.59397896918,30045.0,16.1,30045.0,9502.608134253507,16.095535714285713,0.0,4170.985844715674,5519.891865746493,939,32.0,2.0,1.0,8.0,0.0
2524049,10,Los Lagos,10403,Queilén,33,1,24.0,invierno_24C,G,3,50.0,7143.140614565607,30045.0,16.1,28576.0,7141.451788537295,15.30857142857143,1469.0,1.688826028311774,7140.6428253575705,893,32.0,2.0,1.0,8.0,0.0
2540169,10,Los Lagos,10501,Chaitén,34,1,24.0,invierno_24C,G,1,36.0,8646.27858554942,30045.0,16.1,30045.0,7763.768955108429,16.095535714285713,0.0,882.5096304409918,7258.7310448915705,939,32.0,2.0,1.0,8.0,0.0
2503570,10,Los Lagos,10307,Maullín,35,1,24.0,invierno_24C,G,4,141.0,15506.057433492659,30045.0,16.1,30045.0,9709.336060286698,16.095535714285713,0.0,5796.721373205961,5313.163939713302,939,32.0,2.0,1.0,8.0,0.0
2485422,10,Los Lagos,10303,Puerto Varas,36,1,24.0,invierno_24C,G,6,17.0,2782.1059467227924,30045.0,16.1,12736.0,2782.1059467227924,6.822857142857143,17309.0,0.0,3578.758046024085,398,32.0,2.0,1.0,8.0,0.0
2481759,10,Los Lagos,10302,Cochamó,37,1,24.0,invierno_24C,G,8,49.0,8945.68022157944,30045.0,16.1,30045.0,7990.0988561445865,16.095535714285713,0.0,955.5813654348538,7032.4011438554135,939,32.0,2.0,1.0,8.0,0.0
2514892,10,Los Lagos,10401,Castro,38,1,24.0,invierno_24C,G,8,48.0,5718.461754817146,30045.0,16.1,23200.0,5718.312284067171,12.428571428571429,6845.0,0.14947074997665588,5876.05321536895,725,32.0,2.0,1.0,8.0,0.0
2537857,10,Los Lagos,10407,Quemchi,39,1,24.0,invierno_24C,G,8,35.0,2934.516578108019,30045.0,16.1,12960.0,2934.516578108019,6.942857142857144,17085.0,0.0,3537.580480119866,405,32.0,2.0,1.0,8.0,0.0
2540119,10,Los Lagos,10415,Quinchao,40,1,24.0,invierno_24C,G,8,47.0,4945.904738629175,30045.0,16.1,20704.0,4945.904738629175,11.091428571428573,9341.0,0.0,5401.810001201749,647,32.0,2.0,1.0,8.0,0.0
2542914,10,Los Lagos,10504,Palena,41,1,24.0,invierno_24C,I,2,52.0,13784.883512024147,30045.0,16.1,30045.0,8744.302308805638,16.095535714285713,0.0,5040.5812032185095,6278.197691194362,939,32.0,2.0,1.0,8.0,0.0
2418342,10,Los Lagos,10206,Purranque,42,1,24.0,invierno_24C,G,4,43.0,5572.323248221686,30045.0,16.1,22560.0,5572.272330646065,12.085714285714284,7485.0,0.05091757562172239,5701.82111512288,705,32.0,2.0,1.0,8.0,0.0
2525737,10,Los Lagos,10404,Quellón,43,1,24.0,invierno_24C,G,4,69.0,9537.149537780559,30045.0,16.1,30045.0,8149.66959742932,16.095535714285713,0.0,1387.479940351238,6872.83040257068,939,32.0,2.0,1.0,8.0,0.0
2541010,10,Los Lagos,10502,Hualaihué,44,1,24.0,invierno_24C,G,8,48.0,9096.90187997029,30045.0,16.1,30045.0,8016.299138040358,16.095535714285713,0.0,1080.6027419299317,7006.200861959643,939,32.0,2.0,1.0,8.0,0.0
2495422,10,Los Lagos,10305,Frutillar,45,1,24.0,invierno_24C,G,4,58.0,6882.671713671171,30045.0,16.1,27008.0,6881.008992549284,14.468571428571428,3037.0,1.6627211218879818,6615.835046789712,844,32.0,2.0,1.0,8.0,0.0
2539063,10,Los Lagos,10408,Dalcahue,46,1,24.0,invierno_24C,G,1,44.0,5853.125094727678,30045.0,16.1,24320.0,5853.125094727678,13.028571428571428,5725.0,0.0,6299.902214087624,760,32.0,2.0,1.0,8.0,0.0
2414877,10,Los Lagos,10204,Puyehue,47,1,24.0,invierno_24C,G,3,47.0,7025.50220137711,30045.0,16.1,27680.0,7024.706272223561,14.828571428571427,2365.0,0.795929153547934,6810.3980537375355,865,32.0,2.0,1.0,8.0,0.0
2523693,10,Los Lagos,10402,Chonchi,48,1,24.0,invierno_24C,G,3,75.0,10097.95555989063,30045.0,16.1,30045.0,8370.350336044936,16.095535714285713,0.0,1727.6052238456948,6652.149663955064,939,32.0,2.0,1.0,8.0,0.0
2492578,10,Los Lagos,10304,Fresia,49,1,24.0,invierno_24C,G,2,43.0,6229.235734642431,30045.0,16.1,25152.0,6229.169515734445,13.474285714285713,4893.0,0.06621890798670815,6341.541841302553,786,32.0,2.0,1.0,8.0,0.0
2501212,10,Los Lagos,10306,Llanquihue,50,1,24.0,invierno_24C,G,3,39.0,5437.133947672555,30045.0,16.1,22304.0,5436.920528437513,11.94857142857143,7741.0,0.2134192350416635,5707.707080268895,697,32.0,2.0,1.0,8.0,0.0
2539494,10,Los Lagos,10410,Curaco de Vélez,51,1,24.0,invierno_24C,G,8,84.0,8605.085493233624,30045.0,16.1,30045.0,8225.281020974864,16.095535714285713,0.0,379.80447225875986,6797.218979025136,939,32.0,2.0,1.0,8.0,0.0
2508806,10,Los Lagos,10309,Calbuco,52,1,24.0,invierno_24C,G,8,49.0,3917.8646019858443,30045.0,16.1,16512.0,3917.8646019858443,8.845714285714285,13533.0,0.0,4330.3102373325455,516,32.0,2.0,1.0,8.0,0.0
2205143,9,Araucania,9209,Carahue,1,1,,perfil_actual,E,2,58.0,7006.616827209978,20640.0,11.055,17984.0,7006.616827209978,9.634285714285713,2656.0,0.0,0.0,562,32.0,1.0,1.0,64.0,0.01
2052242,9,Araucania,9104,Renaico,2,1,,perfil_actual,F,8,59.0,3885.8803445534722,20640.0,11.055,11040.0,3885.8803445534722,5.914285714285715,9600.0,0.0,0.0,345,32.0,1.0,1.0,64.0,0.01
2208792,9,Araucania,9211,Pitrufquén,3,1,,perfil_actual,F,8,145.0,11327.02469485666,20640.0,11.055,20640.0,9098.301433833793,11.057142857142859,0.0,2228.723261022865,0.0,645,32.0,1.0,1.0,64.0,0.01
2208015,9,Araucania,9210,Saavedra,4,1,,perfil_actual,E,4,98.0,8266.819909709164,20640.0,11.055,20480.0,8266.819909709164,10.97142857142857,160.0,0.0,0.0,640,32.0,1.0,1.0,64.0,0.01
2062104,9,Araucania,9106,Ercilla,5,1,,perfil_actual,F,3,53.0,6091.853770609383,20640.0,11.055,16096.0,6091.853770609383,8.622857142857143,4544.0,0.0,0.0,503,32.0,1.0,1.0,64.0,0.01
2063485,9,Araucania,9107,Traiguén,6,1,,perfil_actual,F,4,25.0,1984.8477880830292,20640.0,11.055,7776.0,1984.8477880830292,4.165714285714286,12864.0,0.0,0.0,243,32.0,1.0,1.0,64.0,0.01
2222390,9,Araucania,9214,Loncoche,7,1,,perfil_actual,F,3,55.0,6972.42357227456,20640.0,11.055,17888.0,6972.42357227456,9.582857142857144,2752.0,0.0,0.0,559,32.0,1.0,1.0,64.0,0.01
2256413,9,Araucania,9218,Curarrehue,8,1,,perfil_actual,H,2,25.0,3063.626961293386,20640.0,11.055,9888.0,3063.626961293386,5.297142857142858,10752.0,0.0,0.0,309,32.0,1.0,1.0,64.0,0.01
2254048,9,Araucania,9216,Pucón,9,1,,perfil_actual,H,4,127.0,9037.73894907108,20640.0,11.055,20640.0,8714.685255779576,11.057142857142859,0.0,323.05369329150324,0.0,645,32.0,1.0,1.0,64.0,0.01
2106509,9,Araucania,9201,Temuco,10,1,,perfil_actual,F,4,37.0,4715.098019431647,20640.0,11.055,13408.0,4715.098019431647,7.182857142857143,7232.0,0.0,0.0,419,32.0,1.0,1.0,64.0,0.01
2048439,9,Araucania,9102,Purén,11,1,,perfil_actual,F,2,24.0,2351.13061595928,20640.0,11.055,8640.0,2351.13061595928,4.628571428571428,12000.0,0.0,0.0,270,32.0,1.0,1.0,64.0,0.01
2176648,9,Araucania,9203,Freire,12,1,,perfil_actual,F,3,140.0,13387.71206856066,20640.0,11.055,20640.0,9165.144831022688,11.057142857142859,0.0,4222.567237537974,0.0,645,32.0,1.0,1.0,64.0,0.01
2061230,9,Araucania,9105,Collipulli,13,1,,perfil_actual,F,4,21.0,3417.2313894392396,20640.0,11.055,10784.0,3417.2313894392396,5.777142857142858,9856.0,0.0,0.0,337,32.0,1.0,1.0,64.0,0.01
2275872,9,Araucania,9221,Cholchol,14,1,,perfil_actual,F,4,36.0,4576.227770675902,20640.0,11.055,13120.0,4576.227770675902,7.0285714285714285,7520.0,0.0,0.0,410,32.0,1.0,1.0,64.0,0.01
2257008,9,Araucania,9219,Teodoro Schmidt,15,1,,perfil_actual,E,2,36.0,4023.895692859022,20640.0,11.055,12032.0,4023.895692859022,6.445714285714287,8608.0,0.0,0.0,376,32.0,1.0,1.0,64.0,0.01
2218145,9,Araucania,9212,Gorbea,16,1,,perfil_actual,F,3,31.0,4611.679733303016,20640.0,11.055,13216.0,4611.679733303016,7.079999999999998,7424.0,0.0,0.0,413,32.0,1.0,1.0,64.0,0.01
2084315,9,Araucania,9111,Lonquimay,17,1,,perfil_actual,H,2,48.0,6071.927869661014,20640.0,11.055,15904.0,6071.927869661014,8.52,4736.0,0.0,0.0,497,32.0,1.0,1.0,64.0,0.01
2077320,9,Araucania,9109,Victoria,18,1,,perfil_actual,F,3,62.0,8204.258712800134,20640.0,11.055,20320.0,8204.258712800134,10.885714285714286,320.0,0.0,0.0,635,32.0,1.0,1.0,64.0,0.01
2171817,9,Araucania,9202,Vilcún,19,1,,perfil_actual,F,3,22.0,4576.892538796101,20640.0,11.055,13152.0,4576.892538796101,7.045714285714287,7488.0,0.0,0.0,411,32.0,1.0,1.0,64.0,0.01
2180293,9,Araucania,9204,Cunco,20,1,,perfil_actual,F,3,135.0,17862.870375061888,20640.0,11.055,20640.0,9327.40767392008,11.057142857142859,0.0,8535.462701141809,0.0,645,32.0,1.0,1.0,64.0,0.01
2035392,9,Araucania,9101,Angol,21,1,,perfil_actual,F,3,40.0,5735.437926673251,20640.0,11.055,15392.0,5735.437926673251,8.245714285714287,5248.0,0.0,0.0,481,32.0,1.0,1.0,64.0,0.01
2068648,9,Araucania,9108,Lumaco,22,1,,perfil_actual,F,2,50.0,7234.865159224806,20640.0,11.055,18432.0,7234.865159224806,9.874285714285714,2208.0,0.0,0.0,576,32.0,1.0,1.0,64.0,0.01
2196403,9,Araucania,9208,Nueva Imperial,23,1,,perfil_actual,F,8,128.0,7803.234454854894,20640.0,11.055,19328.0,7803.234454854894,10.354285714285714,1312.0,0.0,0.0,604,32.0,1.0,1.0,64.0,0.01
2228668,9,Araucania,9215,Villarrica,24,1,,perfil_actual,F,1,40.0,6312.974589074632,20640.0,11.055,16576.0,6312.974589074632,8.879999999999999,4064.0,0.0,0.0,518,32.0,1.0,1.0,64.0,0.01
2191156,9,Araucania,9205,Lautaro,25,1,,perfil_actual,F,3,36.0,5373.850571266383,20640.0,11.055,14688.0,5373.850571266383,7.868571428571429,5952.0,0.0,0.0,459,32.0,1.0,1.0,64.0,0.01
2256107,9,Araucania,9217,Melipeuco,26,1,,perfil_actual,H,8,70.0,8513.635914589353,20640.0,11.055,20640.0,8509.100148378773,11.057142857142859,0.0,4.53576621058011,0.0,645,32.0,1.0,1.0,64.0,0.01
2220221,9,Araucania,9213,Toltén,27,1,,perfil_actual,E,8,93.0,8310.005223011043,20640.0,11.055,20384.0,8310.005223011043,10.920000000000002,256.0,0.0,0.0,637,32.0,1.0,1.0,64.0,0.01
2194051,9,Araucania,9206,Perquenco,28,1,,perfil_actual,F,2,35.0,5298.715969255754,20640.0,11.055,14592.0,5298.715969255754,7.8171428571428585,6048.0,0.0,0.0,456,32.0,1.0,1.0,64.0,0.01
2195848,9,Araucania,9207,Galvarino,29,1,,perfil_actual,F,3,50.0,5917.548434531592,20640.0,11.055,15776.0,5917.548434531592,8.45142857142857,4864.0,0.0,0.0,493,32.0,1.0,1.0,64.0,0.01
2272399,9,Araucania,9220,Padre Las Casas,30,1,,perfil_actual,F,4,46.0,4980.697202306217,20640.0,11.055,13920.0,4980.697202306217,7.457142857142858,6720.0,0.0,0.0,435,32.0,1.0,1.0,64.0,0.01
2052183,9,Araucania,9103,Los Sauces,31,1,,perfil_actual,F,3,95.0,9255.648938162336,20640.0,11.055,20640.0,8752.46504833983,11.057142857142859,0.0,503.18388982250457,0.0,645,32.0,1.0,1.0,64.0,0.01
2082449,9,Araucania,9110,Curacautín,32,1,,perfil_actual,F,2,40.0,8573.434257953644,20640.0,11.055,20640.0,8472.251443100678,11.057142857142859,0.0,101.1828148529648,0.0,645,32.0,1.0,1.0,64.0,0.01
2179826,9,Araucania,9204,Cunco,33,1,,perfil_actual,F,3,220.0,27039.725077554813,20640.0,11.055,20640.0,9552.076665862407,11.057142857142859,0.0,17487.648411692408,0.0,645,32.0,1.0,1.0,64.0,0.01
2073021,9,Araucania,9109,Victoria,34,1,,perfil_actual,F,4,44.0,6173.816996468593,20640.0,11.055,16320.0,6173.816996468593,8.742857142857144,4320.0,0.0,0.0,510,32.0,1.0,1.0,64.0,0.01
2256461,9,Araucania,9218,Curarrehue,35,1,,perfil_actual,H,2,133.0,17166.297536867572,20640.0,11.055,20640.0,9378.39220325989,11.057142857142859,0.0,7787.90533360768,0.0,645,32.0,1.0,1.0,64.0,0.01
2216933,9,Araucania,9212,Gorbea,36,1,,perfil_actual,F,2,42.0,6128.821280734697,20640.0,11.055,16256.0,6128.821280734697,8.708571428571428,4384.0,0.0,0.0,508,32.0,1.0,1.0,64.0,0.01
2059166,9,Araucania,9105,Collipulli,37,1,,perfil_actual,F,2,43.0,5803.400495120977,20640.0,11.055,15552.0,5803.400495120977,8.331428571428573,5088.0,0.0,0.0,486,32.0,1.0,1.0,64.0,0.01
2169859,9,Araucania,9202,Vilcún,38,1,,perfil_actual,F,2,31.0,5896.8690845758165,20640.0,11.055,15776.0,5896.8690845758165,8.45142857142857,4864.0,0.0,0.0,493,32.0,1.0,1.0,64.0,0.01
2069401,9,Araucania,9108,Lumaco,39,1,,perfil_actual,F,1,24.0,4722.595263821107,20640.0,11.055,13472.0,4722.595263821107,7.217142857142858,7168.0,0.0,0.0,421,32.0,1.0,1.0,64.0,0.01
2207866,9,Araucania,9210,Saavedra,40,1,,perfil_actual,E,2,39.0,4247.183101372945,20640.0,11.055,12480.0,4247.183101372945,6.685714285714285,8160.0,0.0,0.0,390,32.0,1.0,1.0,64.0,0.01
2244641,9,Araucania,9215,Villarrica,41,1,,perfil_actual,F,1,136.0,15452.533888717468,20640.0,11.055,20640.0,9279.395128988474,11.057142857142859,0.0,6173.138759728995,0.0,645,32.0,1.0,1.0,64.0,0.01
2275586,9,Araucania,9221,Cholchol,42,1,,perfil_actual,F,3,44.0,5547.131971394464,20640.0,11.055,15040.0,5547.131971394464,8.057142857142857,5600.0,0.0,0.0,470,32.0,1.0,1.0,64.0,0.01
2262501,9,Araucania,9220,Padre Las Casas,43,1,,perfil_actual,F,3,51.0,3967.495708216576,20640.0,11.055,11744.0,3967.495708216576,6.291428571428571,8896.0,0.0,0.0,367,32.0,1.0,1.0,64.0,0.01
2258823,9,Araucania,9219,Teodoro Schmidt,44,1,,perfil_actual,E,3,89.0,8298.753320392734,20640.0,11.055,20512.0,8298.753320392734,10.98857142857143,128.0,0.0,0.0,641,32.0,1.0,1.0,64.0,0.01
2201961,9,Araucania,9208,Nueva Imperial,45,1,,perfil_actual,F,3,37.0,4976.127672872856,20640.0,11.055,13952.0,4976.127672872856,7.474285714285715,6688.0,0.0,0.0,436,32.0,1.0,1.0,64.0,0.01
2051773,9,Araucania,9103,Los Sauces,46,1,,perfil_actual,F,2,26.0,3904.8164422402933,20640.0,11.055,11776.0,3904.8164422402933,6.308571428571429,8864.0,0.0,0.0,368,32.0,1.0,1.0,64.0,0.01
2082178,9,Araucania,9110,Curacautín,47,1,,perfil_actual,F,3,79.0,13607.683355004796,20640.0,11.055,20640.0,9134.45905105982,11.057142857142859,0.0,4473.224303944977,0.0,645,32.0,1.0,1.0,64.0,0.01
2044517,9,Araucania,9101,Angol,48,1,,perfil_actual,F,3,21.0,3697.739932245621,20640.0,11.055,11392.0,3697.739932245621,6.102857142857144,9248.0,0.0,0.0,356,32.0,1.0,1.0,64.0,0.01
2176853,9,Araucania,9203,Freire,49,1,,perfil_actual,F,3,58.0,6253.771339348667,20640.0,11.055,16384.0,6253.771339348667,8.777142857142858,4256.0,0.0,0.0,512,32.0,1.0,1.0,64.0,0.01
2195024,9,Araucania,9207,Galvarino,50,1,,perfil_actual,F,3,58.0,6508.934891970942,20640.0,11.055,16960.0,6508.934891970942,9.085714285714285,3680.0,0.0,0.0,530,32.0,1.0,1.0,64.0,0.01
2251236,9,Araucania,9216,Pucón,51,1,,perfil_actual,H,4,95.0,7265.500046350868,20640.0,11.055,18048.0,7265.500046350868,9.668571428571429,2592.0,0.0,0.0,564,32.0,1.0,1.0,64.0,0.01
2256004,9,Araucania,9217,Melipeuco,52,1,,perfil_actual,H,4,30.0,5452.929312850617,20640.0,11.055,14880.0,5452.929312850617,7.971428571428571,5760.0,0.0,0.0,465,32.0,1.0,1.0,64.0,0.01
2226529,9,Araucania,9214,Loncoche,53,1,,perfil_actual,F,3,51.0,6622.445057814151,20640.0,11.055,17184.0,6622.445057814151,9.205714285714285,3456.0,0.0,0.0,537,32.0,1.0,1.0,64.0,0.01
2164423,9,Araucania,9201,Temuco,54,1,,perfil_actual,F,7,96.0,13883.63077432535,20640.0,11.055,20640.0,9146.53837072514,11.057142857142859,0.0,4737.092403600209,0.0,645,32.0,1.0,1.0,64.0,0.01
2084562,9,Araucania,9111,Lonquimay,55,1,,perfil_actual,H,2,29.0,3598.538782036226,20640.0,11.055,10976.0,3598.538782036226,5.88,9664.0,0.0,0.0,343,32.0,1.0,1.0,64.0,0.01
2205000,9,Araucania,9209,Carahue,56,1,,perfil_actual,E,3,63.0,7103.086722381258,20640.0,11.055,18208.0,7103.086722381258,9.754285714285714,2432.0,0.0,0.0,569,32.0,1.0,1.0,64.0,0.01
2213400,9,Araucania,9211,Pitrufquén,57,1,,perfil_actual,F,2,49.0,6191.096904363399,20640.0,11.055,16352.0,6191.096904363399,8.760000000000002,4288.0,0.0,0.0,511,32.0,1.0,1.0,64.0,0.01
2193264,9,Araucania,9206,Perquenco,58,1,,perfil_actual,F,2,65.0,8093.443953503986,20640.0,11.055,20096.0,8093.443953503986,10.765714285714285,544.0,0.0,0.0,628,32.0,1.0,1.0,64.0,0.01
2049711,9,Araucania,9102,Purén,59,1,,perfil_actual,F,3,84.0,9024.920687139493,20640.0,11.055,20640.0,8654.822835526655,11.057142857142859,0.0,370.0978516128372,0.0,645,32.0,1.0,1.0,64.0,0.01
2061423,9,Araucania,9106,Ercilla,60,1,,perfil_actual,F,2,57.0,7296.904019762102,20640.0,11.055,18496.0,7296.904019762102,9.90857142857143,2144.0,0.0,0.0,578,32.0,1.0,1.0,64.0,0.01
2188073,9,Araucania,9205,Lautaro,61,1,,perfil_actual,F,3,20.0,3708.9545134315404,20640.0,11.055,11424.0,3708.9545134315404,6.12,9216.0,0.0,0.0,357,32.0,1.0,1.0,64.0,0.01
2221328,9,Araucania,9213,Toltén,62,1,,perfil_actual,E,2,36.0,5457.782351749054,20640.0,11.055,14912.0,5457.782351749054,7.988571428571428,5728.0,0.0,0.0,466,32.0,1.0,1.0,64.0,0.01
2054850,9,Araucania,9104,Renaico,63,1,,perfil_actual,F,4,72.0,6506.892539160762,20640.0,11.055,16640.0,6506.892539160762,8.914285714285713,4000.0,0.0,0.0,520,32.0,1.0,1.0,64.0,0.01
2067429,9,Araucania,9107,Traiguén,64,1,,perfil_actual,F,2,42.0,5853.625905733579,20640.0,11.055,15680.0,5853.625905733579,8.399999999999999,4960.0,0.0,0.0,490,32.0,1.0,1.0,64.0,0.01
2178819,9,Araucania,9204,Cunco,65,1,,perfil_actual,F,1,50.0,8865.837022218428,20640.0,11.055,20640.0,8538.50206483015,11.057142857142859,0.0,327.33495738827696,0.0,645,32.0,1.0,1.0,64.0,0.01
2205143,9,Araucania,9209,Carahue,1,1,22.0,invierno_22C,E,2,58.0,8142.088664460994,20640.0,11.055,20256.0,8142.088664460994,10.851428571428572,384.0,0.0,0.0,633,32.0,1.0,1.0,64.0,0.01
2052242,9,Araucania,9104,Renaico,2,1,22.0,invierno_22C,F,8,59.0,4945.801870407312,20640.0,11.055,13120.0,4945.801870407312,7.0285714285714285,7520.0,0.0,0.0,410,32.0,1.0,1.0,64.0,0.01
2208792,9,Araucania,9211,Pitrufquén,3,1,22.0,invierno_22C,F,8,145.0,13559.338103175538,20640.0,11.055,20640.0,9279.091847931366,11.057142857142859,0.0,4280.246255244169,0.0,645,32.0,1.0,1.0,64.0,0.01
2208015,9,Araucania,9210,Saavedra,4,1,22.0,invierno_22C,E,4,98.0,9936.429781431023,20640.0,11.055,20640.0,8835.081196403793,11.057142857142859,0.0,1101.3485850272314,0.0,645,32.0,1.0,1.0,64.0,0.01
2062104,9,Araucania,9106,Ercilla,5,1,22.0,invierno_22C,F,3,53.0,7105.078893259486,20640.0,11.055,18080.0,7105.078893259486,9.685714285714285,2560.0,0.0,0.0,565,32.0,1.0,1.0,64.0,0.01
2063485,9,Araucania,9107,Traiguén,6,1,22.0,invierno_22C,F,4,25.0,2495.820114310171,20640.0,11.055,8800.0,2495.820114310171,4.714285714285714,11840.0,0.0,0.0,275,32.0,1.0,1.0,64.0,0.01
2222390,9,Araucania,9214,Loncoche,7,1,22.0,invierno_22C,F,3,55.0,8104.086610719943,20640.0,11.055,20128.0,8104.086610719943,10.782857142857143,512.0,0.0,0.0,629,32.0,1.0,1.0,64.0,0.01
2256413,9,Araucania,9218,Curarrehue,8,1,22.0,invierno_22C,H,2,25.0,3624.4818175060946,20640.0,11.055,11008.0,3624.4818175060946,5.897142857142857,9632.0,0.0,0.0,344,32.0,1.0,1.0,64.0,0.01
2254048,9,Araucania,9216,Pucón,9,1,22.0,invierno_22C,H,4,127.0,10688.034389393697,20640.0,11.055,20640.0,9086.181678235407,11.057142857142859,0.0,1601.8527111582907,0.0,645,32.0,1.0,1.0,64.0,0.01
2106509,9,Araucania,9201,Temuco,10,1,22.0,invierno_22C,F,4,37.0,5584.1840884953035,20640.0,11.055,15104.0,5584.1840884953035,8.09142857142857,5536.0,0.0,0.0,472,32.0,1.0,1.0,64.0,0.01
2048439,9,Araucania,9102,Purén,11,1,22.0,invierno_22C,F,2,24.0,2854.098110529531,20640.0,11.055,9632.0,2854.098110529531,5.160000000000001,11008.0,0.0,0.0,301,32.0,1.0,1.0,64.0,0.01
2176648,9,Araucania,9203,Freire,12,1,22.0,invierno_22C,F,3,140.0,15566.288227756304,20640.0,11.055,20640.0,9287.25702508694,11.057142857142859,0.0,6279.031202669363,0.0,645,32.0,1.0,1.0,64.0,0.01
2061230,9,Araucania,9105,Collipulli,13,1,22.0,invierno_22C,F,4,21.0,4031.3265131136063,20640.0,11.055,12032.0,4031.3265131136063,6.445714285714287,8608.0,0.0,0.0,376,32.0,1.0,1.0,64.0,0.01
2275872,9,Araucania,9221,Cholchol,14,1,22.0,invierno_22C,F,4,36.0,5433.863514654498,20640.0,11.055,14848.0,5433.863514654498,7.954285714285714,5792.0,0.0,0.0,464,32.0,1.0,1.0,64.0,0.01
2257008,9,Araucania,9219,Teodoro Schmidt,15,1,22.0,invierno_22C,E,2,36.0,4829.225613251227,20640.0,11.055,13632.0,4829.225613251227,7.3028571428571425,7008.0,0.0,0.0,426,32.0,1.0,1.0,64.0,0.01
2218145,9,Araucania,9212,Gorbea,16,1,22.0,invierno_22C,F,3,31.0,5389.809858382458,20640.0,11.055,14752.0,5389.809858382458,7.902857142857143,5888.0,0.0,0.0,461,32.0,1.0,1.0,64.0,0.01
2084315,9,Araucania,9111,Lonquimay,17,1,22.0,invierno_22C,H,2,48.0,6971.216617650089,20640.0,11.055,17664.0,6971.216617650089,9.462857142857143,2976.0,0.0,0.0,552,32.0,1.0,1.0,64.0,0.01
2077320,9,Araucania,9109,Victoria,18,1,22.0,invierno_22C,F,3,62.0,9441.35347405891,20640.0,11.055,20640.0,8744.557612461824,11.057142857142859,0.0,696.7958615970856,0.0,645,32.0,1.0,1.0,64.0,0.01
2171817,9,Araucania,9202,Vilcún,19,1,22.0,invierno_22C,F,3,22.0,5214.726448745346,20640.0,11.055,14400.0,5214.726448745346,7.7142857142857135,6240.0,0.0,0.0,450,32.0,1.0,1.0,64.0,0.01
2180293,9,Araucania,9204,Cunco,20,1,22.0,invierno_22C,F,3,135.0,20068.081533931043,20640.0,11.055,20640.0,9383.378039554113,11.057142857142859,0.0,10684.703494376932,0.0,645,32.0,1.0,1.0,64.0,0.01
2035392,9,Araucania,9101,Angol,21,1,22.0,invierno_22C,F,3,40.0,6655.958477685674,20640.0,11.055,17216.0,6655.958477685674,9.222857142857144,3424.0,0.0,0.0,538,32.0,1.0,1.0,64.0,0.01
2068648,9,Araucania,9108,Lumaco,22,1,22.0,invierno_22C,F,2,50.0,8300.646437552448,20640.0,11.055,20544.0,8300.646437552448,11.005714285714287,96.0,0.0,0.0,642,32.0,1.0,1.0,64.0,0.01
2196403,9,Araucania,9208,Nueva Imperial,23,1,22.0,invierno_22C,F,8,128.0,9491.902931721212,20640.0,11.055,20640.0,8857.24062451399,11.057142857142859,0.0,634.6623072072192,0.0,645,32.0,1.0,1.0,64.0,0.01
2228668,9,Araucania,9215,Villarrica,24,1,22.0,invierno_22C,F,1,40.0,7237.149864562902,20640.0,11.055,18400.0,7237.149864562902,9.857142857142858,2240.0,0.0,0.0,575,32.0,1.0,1.0,64.0,0.01
2191156,9,Araucania,9205,Lautaro,25,1,22.0,invierno_22C,F,3,36.0,6229.586152897284,20640.0,11.055,16384.0,6229.586152897284,8.777142857142858,4256.0,0.0,0.0,512,32.0,1.0,1.0,64.0,0.01
2256107,9,Araucania,9217,Melipeuco,26,1,22.0,invierno_22C,H,8,70.0,9906.179668409959,20640.0,11.055,20640.0,8919.128811507991,11.057142857142859,0.0,987.0508569019667,0.0,645,32.0,1.0,1.0,64.0,0.01
2220221,9,Araucania,9213,Toltén,27,1,22.0,invierno_22C,E,8,93.0,9924.88765646697,20640.0,11.055,20640.0,8918.07929208653,11.057142857142859,0.0,1006.8083643804399,0.0,645,32.0,1.0,1.0,64.0,0.01
2194051,9,Araucania,9206,Perquenco,28,1,22.0,invierno_22C,F,2,35.0,6141.931473705329,20640.0,11.055,16256.0,6141.931473705329,8.708571428571428,4384.0,0.0,0.0,508,32.0,1.0,1.0,64.0,0.01
2195848,9,Araucania,9207,Galvarino,29,1,22.0,invierno_22C,F,3,50.0,6978.879241611053,20640.0,11.055,17888.0,6978.879241611053,9.582857142857144,2752.0,0.0,0.0,559,32.0,1.0,1.0,64.0,0.01
2272399,9,Araucania,9220,Padre Las Casas,30,1,22.0,invierno_22C,F,4,46.0,5918.161060876484,20640.0,11.055,15776.0,5918.161060876484,8.45142857142857,4864.0,0.0,0.0,493,32.0,1.0,1.0,64.0,0.01
2052183,9,Araucania,9103,Los Sauces,31,1,22.0,invierno_22C,F,3,95.0,10937.743341152322,20640.0,11.055,20640.0,9062.442606177367,11.057142857142859,0.0,1875.3007349749546,0.0,645,32.0,1.0,1.0,64.0,0.01
2082449,9,Araucania,9110,Curacautín,32,1,22.0,invierno_22C,F,2,40.0,9502.153276673671,20640.0,11.055,20640.0,8720.586218835793,11.057142857142859,0.0,781.5670578378762,0.0,645,32.0,1.0,1.0,64.0,0.01
2179826,9,Araucania,9204,Cunco,33,1,22.0,invierno_22C,F,3,220.0,30310.437286467226,20640.0,11.055,20640.0,9571.721719086478,11.057142857142859,0.0,20738.71556738075,0.0,645,32.0,1.0,1.0,64.0,0.01
2073021,9,Araucania,9109,Victoria,34,1,22.0,invierno_22C,F,4,44.0,7148.671452503904,20640.0,11.055,18240.0,7148.671452503904,9.771428571428572,2400.0,0.0,0.0,570,32.0,1.0,1.0,64.0,0.01
2256461,9,Araucania,9218,Curarrehue,35,1,22.0,invierno_22C,H,2,133.0,19459.884004665088,20640.0,11.055,20640.0,9438.274463855034,11.057142857142859,0.0,10021.60954081005,0.0,645,32.0,1.0,1.0,64.0,0.01
2216933,9,Araucania,9212,Gorbea,36,1,22.0,invierno_22C,F,2,42.0,7081.909748264794,20640.0,11.055,18144.0,7081.909748264794,9.72,2496.0,0.0,0.0,567,32.0,1.0,1.0,64.0,0.01
2059166,9,Araucania,9105,Collipulli,37,1,22.0,invierno_22C,F,2,43.0,6766.729188121004,20640.0,11.055,17472.0,6766.729188121004,9.360000000000001,3168.0,0.0,0.0,546,32.0,1.0,1.0,64.0,0.01
2169859,9,Araucania,9202,Vilcún,38,1,22.0,invierno_22C,F,2,31.0,6684.505482066186,20640.0,11.055,17344.0,6684.505482066186,9.291428571428572,3296.0,0.0,0.0,542,32.0,1.0,1.0,64.0,0.01
2069401,9,Araucania,9108,Lumaco,39,1,22.0,invierno_22C,F,1,24.0,5392.104322666099,20640.0,11.055,14816.0,5392.104322666099,7.937142857142856,5824.0,0.0,0.0,463,32.0,1.0,1.0,64.0,0.01
2207866,9,Araucania,9210,Saavedra,40,1,22.0,invierno_22C,E,2,39.0,5099.276042076264,20640.0,11.055,14176.0,5099.276042076264,7.594285714285713,6464.0,0.0,0.0,443,32.0,1.0,1.0,64.0,0.01
2244641,9,Araucania,9215,Villarrica,41,1,22.0,invierno_22C,F,1,136.0,17669.53685265319,20640.0,11.055,20640.0,9369.685040660395,11.057142857142859,0.0,8299.85181199279,0.0,645,32.0,1.0,1.0,64.0,0.01
2275586,9,Araucania,9221,Cholchol,42,1,22.0,invierno_22C,F,3,44.0,6525.644155674171,20640.0,11.055,16992.0,6525.644155674171,9.102857142857143,3648.0,0.0,0.0,531,32.0,1.0,1.0,64.0,0.01
2262501,9,Araucania,9220,Padre Las Casas,43,1,22.0,invierno_22C,F,3,51.0,4825.695416775503,20640.0,11.055,13440.0,4825.695416775503,7.199999999999999,7200.0,0.0,0.0,420,32.0,1.0,1.0,64.0,0.01
2258823,9,Araucania,9219,Teodoro Schmidt,44,1,22.0,invierno_22C,E,3,89.0,9870.290061879374,20640.0,11.055,20640.0,8839.688132391562,11.057142857142859,0.0,1030.6019294878115,0.0,645,32.0,1.0,1.0,64.0,0.01
2201961,9,Araucania,9208,Nueva Imperial,45,1,22.0,invierno_22C,F,3,37.0,5853.105061963827,20640.0,11.055,15680.0,5853.105061963827,8.399999999999999,4960.0,0.0,0.0,490,32.0,1.0,1.0,64.0,0.01
2051773,9,Araucania,9103,Los Sauces,46,1,22.0,invierno_22C,F,2,26.0,4597.896269548347,20640.0,11.055,13152.0,4597.896269548347,7.045714285714287,7488.0,0.0,0.0,411,32.0,1.0,1.0,64.0,0.01
2082178,9,Araucania,9110,Curacautín,47,1,22.0,invierno_22C,F,3,79.0,15083.923660399783,20640.0,11.055,20640.0,9224.654506558729,11.057142857142859,0.0,5859.2691538410545,0.0,645,32.0,1.0,1.0,64.0,0.01
2044517,9,Araucania,9101,Angol,48,1,22.0,invierno_22C,F,3,21.0,4304.548405103951,20640.0,11.055,12608.0,4304.548405103951,6.754285714285714,8032.0,0.0,0.0,394,32.0,1.0,1.0,64.0,0.01
2176853,9,Araucania,9203,Freire,49,1,22.0,invierno_22C,F,3,58.0,7317.04527818991,20640.0,11.055,18496.0,7317.04527818991,9.90857142857143,2144.0,0.0,0.0,578,32.0,1.0,1.0,64.0,0.01
2195024,9,Araucania,9207,Galvarino,50,1,22.0,invierno_22C,F,3,58.0,7689.136149315097,20640.0,11.055,19296.0,7689.136149315097,10.337142857142856,1344.0,0.0,0.0,603,32.0,1.0,1.0,64.0,0.01
2251236,9,Araucania,9216,Pucón,51,1,22.0,invierno_22C,H,4,95.0,8677.466337966478,20640.0,11.055,20640.0,8649.996306441422,11.057142857142859,0.0,27.470031525055152,0.0,645,32.0,1.0,1.0,64.0,0.01
2256004,9,Araucania,9217,Melipeuco,52,1,22.0,invierno_22C,H,4,30.0,6289.718884313898,20640.0,11.055,16544.0,6289.718884313898,8.862857142857143,4096.0,0.0,0.0,517,32.0,1.0,1.0,64.0,0.01
2226529,9,Araucania,9214,Loncoche,53,1,22.0,invierno_22C,F,3,51.0,7699.911846462306,20640.0,11.055,19328.0,7699.911846462306,10.354285714285714,1312.0,0.0,0.0,604,32.0,1.0,1.0,64.0,0.01
2164423,9,Araucania,9201,Temuco,54,1,22.0,invierno_22C,F,7,96.0,16116.809504680361,20640.0,11.055,20640.0,9262.611057909866,11.057142857142859,0.0,6854.198446770495,0.0,645,32.0,1.0,1.0,64.0,0.01
2084562,9,Araucania,9111,Lonquimay,55,1,22.0,invierno_22C,H,2,29.0,4221.650542572019,20640.0,11.055,12224.0,4221.650542572019,6.548571428571428,8416.0,0.0,0.0,382,32.0,1.0,1.0,64.0,0.01
2205000,9,Araucania,9209,Carahue,56,1,22.0,invierno_22C,E,3,63.0,8232.472082764882,20640.0,11.055,20448.0,8232.472082764882,10.954285714285716,192.0,0.0,0.0,639,32.0,1.0,1.0,64.0,0.01
2213400,9,Araucania,9211,Pitrufquén,57,1,22.0,invierno_22C,F,2,49.0,7240.583225438053,20640.0,11.055,18432.0,7240.583225438053,9.874285714285714,2208.0,0.0,0.0,576,32.0,1.0,1.0,64.0,0.01
2193264,9,Araucania,9206,Perquenco,58,1,22.0,invierno_22C,F,2,65.0,9354.311796797747,20640.0,11.055,20640.0,8718.992082704468,11.057142857142859,0.0,635.3197140932773,0.0,645,32.0,1.0,1.0,64.0,0.01
2049711,9,Araucania,9102,Purén,59,1,22.0,invierno_22C,F,3,84.0,10561.803235242089,20640.0,11.055,20640.0,8974.92899397415,11.057142857142859,0.0,1586.874241267938,0.0,645,32.0,1.0,1.0,64.0,0.01
2061423,9,Araucania,9106,Ercilla,60,1,22.0,invierno_22C,F,2,57.0,8464.876037529471,20640.0,11.055,20640.0,8454.811442903598,11.057142857142859,0.0,10.06459462587441,0.0,645,32.0,1.0,1.0,64.0,0.01
2188073,9,Araucania,9205,Lautaro,61,1,22.0,invierno_22C,F,3,20.0,4297.1280253139585,20640.0,11.055,12576.0,4297.1280253139585,6.737142857142857,8064.0,0.0,0.0,393,32.0,1.0,1.0,64.0,0.01
2221328,9,Araucania,9213,Toltén,62,1,22.0,invierno_22C,E,2,36.0,6322.5666811598385,20640.0,11.055,16608.0,6322.5666811598385,8.897142857142857,4032.0,0.0,0.0,519,32.0,1.0,1.0,64.0,0.01
2054850,9,Araucania,9104,Renaico,63,1,22.0,invierno_22C,F,4,72.0,7873.139035888332,20640.0,11.055,19328.0,7873.139035888332,10.354285714285714,1312.0,0.0,0.0,604,32.0,1.0,1.0,64.0,0.01
2067429,9,Araucania,9107,Traiguén,64,1,22.0,invierno_22C,F,2,42.0,6805.681673803063,20640.0,11.055,17568.0,6805.681673803063,9.411428571428573,3072.0,0.0,0.0,549,32.0,1.0,1.0,64.0,0.01
2178819,9,Araucania,9204,Cunco,65,1,22.0,invierno_22C,F,1,50.0,9938.457977517133,20640.0,11.055,20640.0,8808.517931998962,11.057142857142859,0.0,1129.9400455181728,0.0,645,32.0,1.0,1.0,64.0,0.01
2205143,9,Araucania,9209,Carahue,1,1,24.0,invierno_24C,E,2,58.0,8780.541296563459,20640.0,11.055,20640.0,8529.466974074501,11.057142857142859,0.0,251.07432248895697,0.0,645,32.0,1.0,1.0,64.0,0.01
2052242,9,Araucania,9104,Renaico,2,1,24.0,invierno_24C,F,8,59.0,5544.533432207117,20640.0,11.055,14336.0,5544.533432207117,7.679999999999999,6304.0,0.0,0.0,448,32.0,1.0,1.0,64.0,0.01
2208792,9,Araucania,9211,Pitrufquén,3,1,24.0,invierno_24C,F,8,145.0,14802.841175800775,20640.0,11.055,20640.0,9337.058154839593,11.057142857142859,0.0,5465.78302096118,0.0,645,32.0,1.0,1.0,64.0,0.01
2208015,9,Araucania,9210,Saavedra,4,1,24.0,invierno_24C,E,4,98.0,10874.481045279661,20640.0,11.055,20640.0,8989.133156354677,11.057142857142859,0.0,1885.3478889249836,0.0,645,32.0,1.0,1.0,64.0,0.01
2062104,9,Araucania,9106,Ercilla,5,1,24.0,invierno_24C,F,3,53.0,7670.488976037537,20640.0,11.055,19232.0,7670.488976037537,10.30285714285714,1408.0,0.0,0.0,601,32.0,1.0,1.0,64.0,0.01
2063485,9,Araucania,9107,Traiguén,6,1,24.0,invierno_24C,F,4,25.0,2785.665969675607,20640.0,11.055,9376.0,2785.665969675607,5.022857142857142,11264.0,0.0,0.0,293,32.0,1.0,1.0,64.0,0.01
2222390,9,Araucania,9214,Loncoche,7,1,24.0,invierno_24C,F,3,55.0,8734.591616318665,20640.0,11.055,20640.0,8546.348828563823,11.057142857142859,0.0,188.24278775484032,0.0,645,32.0,1.0,1.0,64.0,0.01
2256413,9,Araucania,9218,Curarrehue,8,1,24.0,invierno_24C,H,2,25.0,3879.1967741782696,20640.0,11.055,11520.0,3879.1967741782696,6.171428571428572,9120.0,0.0,0.0,360,32.0,1.0,1.0,64.0,0.01
2254048,9,Araucania,9216,Pucón,9,1,24.0,invierno_24C,H,4,127.0,11430.312591229156,20640.0,11.055,20640.0,9189.337420317579,11.057142857142859,0.0,2240.97517091158,0.0,645,32.0,1.0,1.0,64.0,0.01
2106509,9,Araucania,9201,Temuco,10,1,24.0,invierno_24C,F,4,37.0,6073.708121519195,20640.0,11.055,16096.0,6073.708121519195,8.622857142857143,4544.0,0.0,0.0,503,32.0,1.0,1.0,64.0,0.01
2048439,9,Araucania,9102,Purén,11,1,24.0,invierno_24C,F,2,24.0,3139.4649851584622,20640.0,11.055,10208.0,3139.4649851584622,5.468571428571429,10432.0,0.0,0.0,319,32.0,1.0,1.0,64.0,0.01
2176648,9,Araucania,9203,Freire,12,1,24.0,invierno_24C,F,3,140.0,16779.581334931678,20640.0,11.055,20640.0,9328.287270689385,11.057142857142859,0.0,7451.294064242291,0.0,645,32.0,1.0,1.0,64.0,0.01
2061230,9,Araucania,9105,Collipulli,13,1,24.0,invierno_24C,F,4,21.0,4380.664220754899,20640.0,11.055,12704.0,4380.664220754899,6.805714285714286,7936.0,0.0,0.0,397,32.0,1.0,1.0,64.0,0.01
2275872,9,Araucania,9221,Cholchol,14,1,24.0,invierno_24C,F,4,36.0,5917.772793840737,20640.0,11.055,15808.0,5917.772793840737,8.468571428571428,4832.0,0.0,0.0,494,32.0,1.0,1.0,64.0,0.01
2257008,9,Araucania,9219,Teodoro Schmidt,15,1,24.0,invierno_24C,E,2,36.0,5289.997096994412,20640.0,11.055,14528.0,5289.997096994412,7.782857142857143,6112.0,0.0,0.0,454,32.0,1.0,1.0,64.0,0.01
2218145,9,Araucania,9212,Gorbea,16,1,24.0,invierno_24C,F,3,31.0,5827.614546314101,20640.0,11.055,15616.0,5827.614546314101,8.365714285714285,5024.0,0.0,0.0,488,32.0,1.0,1.0,64.0,0.01
2084315,9,Araucania,9111,Lonquimay,17,1,24.0,invierno_24C,H,2,48.0,7373.754535029468,20640.0,11.055,18464.0,7373.754535029468,9.891428571428573,2176.0,0.0,0.0,577,32.0,1.0,1.0,64.0,0.01
2077320,9,Araucania,9109,Victoria,18,1,24.0,invierno_24C,F,3,62.0,10131.807871059813,20640.0,11.055,20640.0,8896.989001889997,11.057142857142859,0.0,1234.8188691698165,0.0,645,32.0,1.0,1.0,64.0,0.01
2171817,9,Araucania,9202,Vilcún,19,1,24.0,invierno_24C,F,3,22.0,5575.819269077576,20640.0,11.055,15136.0,5575.819269077576,8.108571428571429,5504.0,0.0,0.0,473,32.0,1.0,1.0,64.0,0.01
2180293,9,Araucania,9204,Cunco,20,1,24.0,invierno_24C,F,3,135.0,21293.552461052044,20640.0,11.055,20640.0,9403.639783096929,11.057142857142859,0.0,11889.912677955115,0.0,645,32.0,1.0,1.0,64.0,0.01
2035392,9,Araucania,9101,Angol,21,1,24.0,invierno_24C,F,3,40.0,7173.08317387991,20640.0,11.055,18240.0,7173.08317387991,9.771428571428572,2400.0,0.0,0.0,570,32.0,1.0,1.0,64.0,0.01
2068648,9,Araucania,9108,Lumaco,22,1,24.0,invierno_24C,F,2,50.0,8895.486464109203,20640.0,11.055,20640.0,8589.302036752826,11.057142857142859,0.0,306.18442735637683,0.0,645,32.0,1.0,1.0,64.0,0.01
2196403,9,Araucania,9208,Nueva Imperial,23,1,24.0,invierno_24C,F,8,128.0,10433.744043585688,20640.0,11.055,20640.0,9043.039091990995,11.057142857142859,0.0,1390.7049515946908,0.0,645,32.0,1.0,1.0,64.0,0.01
2228668,9,Araucania,9215,Villarrica,24,1,24.0,invierno_24C,F,1,40.0,7754.057344297334,20640.0,11.055,19424.0,7754.057344297334,10.405714285714286,1216.0,0.0,0.0,607,32.0,1.0,1.0,64.0,0.01
2191156,9,Araucania,9205,Lautaro,25,1,24.0,invierno_24C,F,3,36.0,6710.882096585272,20640.0,11.055,17344.0,6710.882096585272,9.291428571428572,3296.0,0.0,0.0,542,32.0,1.0,1.0,64.0,0.01
2256107,9,Araucania,9217,Melipeuco,26,1,24.0,invierno_24C,H,8,70.0,10531.415914564477,20640.0,11.055,20640.0,9016.939448665722,11.057142857142859,0.0,1514.4764658987547,0.0,645,32.0,1.0,1.0,64.0,0.01
2220221,9,Araucania,9213,Toltén,27,1,24.0,invierno_24C,E,8,93.0,10829.158794637078,20640.0,11.055,20640.0,9054.438239811741,11.057142857142859,0.0,1774.7205548253369,0.0,645,32.0,1.0,1.0,64.0,0.01
2194051,9,Araucania,9206,Perquenco,28,1,24.0,invierno_24C,F,2,35.0,6615.2939653863305,20640.0,11.055,17216.0,6615.2939653863305,9.222857142857144,3424.0,0.0,0.0,538,32.0,1.0,1.0,64.0,0.01
2195848,9,Araucania,9207,Galvarino,29,1,24.0,invierno_24C,F,3,50.0,7573.024373394482,20640.0,11.055,19040.0,7573.024373394482,10.200000000000001,1600.0,0.0,0.0,595,32.0,1.0,1.0,64.0,0.01
2272399,9,Araucania,9220,Padre Las Casas,30,1,24.0,invierno_24C,F,4,46.0,6442.4016885625715,20640.0,11.055,16800.0,6442.4016885625715,9.0,3840.0,0.0,0.0,525,32.0,1.0,1.0,64.0,0.01
2052183,9,Araucania,9103,Los Sauces,31,1,24.0,invierno_24C,F,3,95.0,11875.779027014301,20640.0,11.055,20640.0,9158.209541696691,11.057142857142859,0.0,2717.5694853176105,0.0,645,32.0,1.0,1.0,64.0,0.01
2082449,9,Araucania,9110,Curacautín,32,1,24.0,invierno_24C,F,2,40.0,10019.431178843115,20640.0,11.055,20640.0,8844.387811434834,11.057142857142859,0.0,1175.0433674082815,0.0,645,32.0,1.0,1.0,64.0,0.01
2179826,9,Araucania,9204,Cunco,33,1,24.0,invierno_24C,F,3,220.0,32127.19612024537,20640.0,11.055,20640.0,9577.986067949661,11.057142857142859,0.0,22549.21005229571,0.0,645,32.0,1.0,1.0,64.0,0.01
2073021,9,Araucania,9109,Victoria,34,1,24.0,invierno_24C,F,4,44.0,7695.308870250532,20640.0,11.055,19328.0,7695.308870250532,10.354285714285714,1312.0,0.0,0.0,604,32.0,1.0,1.0,64.0,0.01
2256461,9,Araucania,9218,Curarrehue,35,1,24.0,invierno_24C,H,2,133.0,20486.434490387506,20640.0,11.055,20640.0,9457.892245175119,11.057142857142859,0.0,11028.542245212384,0.0,645,32.0,1.0,1.0,64.0,0.01
2216933,9,Araucania,9212,Gorbea,36,1,24.0,invierno_24C,F,2,42.0,7613.776478272939,20640.0,11.055,19200.0,7613.776478272939,10.285714285714285,1440.0,0.0,0.0,600,32.0,1.0,1.0,64.0,0.01
2059166,9,Araucania,9105,Collipulli,37,1,24.0,invierno_24C,F,2,43.0,7307.188614247617,20640.0,11.055,18528.0,7307.188614247617,9.925714285714285,2112.0,0.0,0.0,579,32.0,1.0,1.0,64.0,0.01
2169859,9,Araucania,9202,Vilcún,38,1,24.0,invierno_24C,F,2,31.0,7126.937372752861,20640.0,11.055,18240.0,7126.937372752861,9.771428571428572,2400.0,0.0,0.0,570,32.0,1.0,1.0,64.0,0.01
2069401,9,Araucania,9108,Lumaco,39,1,24.0,invierno_24C,F,1,24.0,5769.394147882688,20640.0,11.055,15552.0,5769.394147882688,8.331428571428573,5088.0,0.0,0.0,486,32.0,1.0,1.0,64.0,0.01
2207866,9,Araucania,9210,Saavedra,40,1,24.0,invierno_24C,E,2,39.0,5585.728689438091,20640.0,11.055,15136.0,5585.728689438091,8.108571428571429,5504.0,0.0,0.0,473,32.0,1.0,1.0,64.0,0.01
2244641,9,Araucania,9215,Villarrica,41,1,24.0,invierno_24C,F,1,136.0,18902.685491869168,20640.0,11.055,20640.0,9400.548140862305,11.057142857142859,0.0,9502.137351006862,0.0,645,32.0,1.0,1.0,64.0,0.01
2275586,9,Araucania,9221,Cholchol,42,1,24.0,invierno_24C,F,3,44.0,7074.305565028893,20640.0,11.055,18080.0,7074.305565028893,9.685714285714285,2560.0,0.0,0.0,565,32.0,1.0,1.0,64.0,0.01
2262501,9,Araucania,9220,Padre Las Casas,43,1,24.0,invierno_24C,F,3,51.0,5309.2453028642,20640.0,11.055,14400.0,5309.2453028642,7.7142857142857135,6240.0,0.0,0.0,450,32.0,1.0,1.0,64.0,0.01
2258823,9,Araucania,9219,Teodoro Schmidt,44,1,24.0,invierno_24C,E,3,89.0,10752.547127042195,20640.0,11.055,20640.0,8988.079379089359,11.057142857142859,0.0,1764.4677479528357,0.0,645,32.0,1.0,1.0,64.0,0.01
2201961,9,Araucania,9208,Nueva Imperial,45,1,24.0,invierno_24C,F,3,37.0,6346.165667625072,20640.0,11.055,16640.0,6346.165667625072,8.914285714285713,4000.0,0.0,0.0,520,32.0,1.0,1.0,64.0,0.01
2051773,9,Araucania,9103,Los Sauces,46,1,24.0,invierno_24C,F,2,26.0,4991.344405256802,20640.0,11.055,13952.0,4991.344405256802,7.474285714285715,6688.0,0.0,0.0,436,32.0,1.0,1.0,64.0,0.01
2082178,9,Araucania,9110,Curacautín,47,1,24.0,invierno_24C,F,3,79.0,15903.933557150227,20640.0,11.055,20640.0,9262.987525601351,11.057142857142859,0.0,6640.946031548876,0.0,645,32.0,1.0,1.0,64.0,0.01
2044517,9,Araucania,9101,Angol,48,1,24.0,invierno_24C,F,3,21.0,4649.131728081104,20640.0,11.055,13280.0,4649.131728081104,7.114285714285713,7360.0,0.0,0.0,415,32.0,1.0,1.0,64.0,0.01
2176853,9,Araucania,9203,Freire,49,1,24.0,invierno_24C,F,3,58.0,7909.645300392565,20640.0,11.055,19680.0,7909.645300392565,10.542857142857143,960.0,0.0,0.0,615,32.0,1.0,1.0,64.0,0.01
2195024,9,Araucania,9207,Galvarino,50,1,24.0,invierno_24C,F,3,58.0,8349.236462306915,20640.0,11.055,20608.0,8349.236462306915,11.04,32.0,0.0,0.0,644,32.0,1.0,1.0,64.0,0.01
2251236,9,Araucania,9216,Pucón,51,1,24.0,invierno_24C,H,4,95.0,9313.14256611108,20640.0,11.055,20640.0,8872.92586207368,11.057142857142859,0.0,440.21670403740137,0.0,645,32.0,1.0,1.0,64.0,0.01
2256004,9,Araucania,9217,Melipeuco,52,1,24.0,invierno_24C,H,4,30.0,6667.996056325718,20640.0,11.055,17280.0,6667.996056325718,9.257142857142856,3360.0,0.0,0.0,540,32.0,1.0,1.0,64.0,0.01
2226529,9,Araucania,9214,Loncoche,53,1,24.0,invierno_24C,F,3,51.0,8300.632749544073,20640.0,11.055,20512.0,8300.632749544073,10.98857142857143,128.0,0.0,0.0,641,32.0,1.0,1.0,64.0,0.01
2164423,9,Araucania,9201,Temuco,54,1,24.0,invierno_24C,F,7,96.0,17359.34919675477,20640.0,11.055,20640.0,9304.267518787248,11.057142857142859,0.0,8055.081677967521,0.0,645,32.0,1.0,1.0,64.0,0.01
2084562,9,Araucania,9111,Lonquimay,55,1,24.0,invierno_24C,H,2,29.0,4504.127658780035,20640.0,11.055,12768.0,4504.127658780035,6.84,7872.0,0.0,0.0,399,32.0,1.0,1.0,64.0,0.01
2205000,9,Araucania,9209,Carahue,56,1,24.0,invierno_24C,E,3,63.0,8866.213873790217,20640.0,11.055,20640.0,8541.669832628908,11.057142857142859,0.0,324.54404116130746,0.0,645,32.0,1.0,1.0,64.0,0.01
2213400,9,Araucania,9211,Pitrufquén,57,1,24.0,invierno_24C,F,2,49.0,7827.00181148582,20640.0,11.055,19584.0,7827.00181148582,10.491428571428573,1056.0,0.0,0.0,612,32.0,1.0,1.0,64.0,0.01
2193264,9,Araucania,9206,Perquenco,58,1,24.0,invierno_24C,F,2,65.0,10057.486236019842,20640.0,11.055,20640.0,8894.548884600072,11.057142857142859,0.0,1162.9373514197714,0.0,645,32.0,1.0,1.0,64.0,0.01
2049711,9,Araucania,9102,Purén,59,1,24.0,invierno_24C,F,3,84.0,11418.936958801896,20640.0,11.055,20640.0,9086.350617640668,11.057142857142859,0.0,2332.586341161228,0.0,645,32.0,1.0,1.0,64.0,0.01
2061423,9,Araucania,9106,Ercilla,60,1,24.0,invierno_24C,F,2,57.0,9117.558119745849,20640.0,11.055,20640.0,8697.889243799124,11.057142857142859,0.0,419.668875946726,0.0,645,32.0,1.0,1.0,64.0,0.01
2188073,9,Araucania,9205,Lautaro,61,1,24.0,invierno_24C,F,3,20.0,4630.6645972259985,20640.0,11.055,13248.0,4630.6645972259985,7.097142857142857,7392.0,0.0,0.0,414,32.0,1.0,1.0,64.0,0.01
2221328,9,Araucania,9213,Toltén,62,1,24.0,invierno_24C,E,2,36.0,6808.372577490842,20640.0,11.055,17568.0,6808.372577490842,9.411428571428573,3072.0,0.0,0.0,549,32.0,1.0,1.0,64.0,0.01
2054850,9,Araucania,9104,Renaico,63,1,24.0,invierno_24C,F,4,72.0,8639.996026550614,20640.0,11.055,20640.0,8632.029777509879,11.057142857142859,0.0,7.96624904073677,0.0,645,32.0,1.0,1.0,64.0,0.01
2067429,9,Araucania,9107,Traiguén,64,1,24.0,invierno_24C,F,2,42.0,7339.002352477826,20640.0,11.055,18624.0,7339.002352477826,9.977142857142859,2016.0,0.0,0.0,582,32.0,1.0,1.0,64.0,0.01
2178819,9,Araucania,9204,Cunco,65,1,24.0,invierno_24C,F,1,50.0,10535.951026113116,20640.0,11.055,20640.0,8916.495009040866,11.057142857142859,0.0,1619.4560170722511,0.0,645,32.0,1.0,1.0,64.0,0.01
