codigo_region,region,scenario,n_simulations,n_inmuebles_sampled,total_inmuebles_regional,wood_inmuebles_regional,wood_share_regional,sampling_weight_wood_inmuebles,sample_expansion_weight,heating_demand_kwh_min,heating_demand_kwh_p10,heating_demand_kwh_median,heating_demand_kwh_p90,heating_demand_kwh_max,heating_demand_kwh_std,heating_demand_kwh_weighted_mean,heating_demand_kwh_m2_min,heating_demand_kwh_m2_p10,heating_demand_kwh_m2_median,heating_demand_kwh_m2_p90,heating_demand_kwh_m2_max,heating_demand_kwh_m2_std,heating_demand_kwh_m2_weighted_mean,target_fuel_energy_kwh_min,target_fuel_energy_kwh_p10,target_fuel_energy_kwh_median,target_fuel_energy_kwh_p90,target_fuel_energy_kwh_max,target_fuel_energy_kwh_std,target_fuel_energy_kwh_weighted_mean,assigned_fuel_energy_kwh_min,assigned_fuel_energy_kwh_p10,assigned_fuel_energy_kwh_median,assigned_fuel_energy_kwh_p90,assigned_fuel_energy_kwh_max,assigned_fuel_energy_kwh_std,assigned_fuel_energy_kwh_weighted_mean,unallocated_fuel_energy_kwh_min,unallocated_fuel_energy_kwh_p10,unallocated_fuel_energy_kwh_median,unallocated_fuel_energy_kwh_p90,unallocated_fuel_energy_kwh_max,unallocated_fuel_energy_kwh_std,unallocated_fuel_energy_kwh_weighted_mean,wood_volume_stere_min,wood_volume_stere_p10,wood_volume_stere_median,wood_volume_stere_p90,wood_volume_stere_max,wood_volume_stere_std,wood_volume_stere_weighted_mean,unmet_heating_energy_kwh_min,unmet_heating_energy_kwh_p10,unmet_heating_energy_kwh_median,unmet_heating_energy_kwh_p90,unmet_heating_energy_kwh_max,unmet_heating_energy_kwh_std,unmet_heating_energy_kwh_weighted_mean,redpe_target_m3st_min,redpe_target_m3st_p10,redpe_target_m3st_median,redpe_target_m3st_p90,redpe_target_m3st_max,redpe_target_m3st_std,redpe_target_m3st_weighted_mean,redpe_mid_target_m3st,wood_volume_to_redpe_mid_ratio,relative_error_to_redpe_mid,climate_severity_adjustment,hdd_base_c,hdd_regional,hdd_ratio_to_reference,wall_u_multiplier,window_u_multiplier,infiltration_multiplier,heating_demand_cv
1,Tarapaca,coverage_mid,10,10,89793,166,0.0018486964462708674,0.0001684851560517635,16.6,418.9937611442746,1490.6667985047457,3494.808056286819,8860.517811316131,8860.51834199115,2976.12092507577,4272.53154281818,3.9158295434044352,36.610768514098396,63.10505938970162,187.8389881178788,217.04269205544773,73.9961765009953,98.55276686776196,628.4906417164118,2236.0001977571183,5242.212084430229,13290.776716974196,13290.777512986726,4464.181387613656,6408.79731422727,628.4906417164118,2236.0001977571183,5242.212084430229,13290.776716974196,13290.77751298673,4464.181387613656,6408.79731422727,0.0,0.0,0.0,1.0004441719502207e-12,1.8189894035458565e-12,6.231495351159073e-13,4.092726157978177e-13,0.33669141520522056,1.1978572487984562,2.8083279023733367,7.12005895552189,7.1200593819571765,2.3915257433644586,3.433284275478895,104.74844028606877,372.6666996261865,873.7020140717045,2215.1294528290323,2215.1295854977852,744.0302312689422,1068.132885704545,,,,,,,,,,,False,12.0,,,1.0,1.0,1.0,0.8515835139277589
2,Antofagasta,coverage_mid,10,10,175972,970,0.00551224058372923,0.0009845216950012687,97.0,222.55400912550186,760.5061646673895,6414.547292407832,19718.747739475115,31735.24689161984,9994.49778304055,8957.373462212625,1.987089367191981,16.60428146460452,90.9537746035682,162.62532339217506,190.99081168768754,64.65383355425118,88.6196553864789,333.8310136882528,1140.7592470010843,9621.820938611749,29578.121609212674,47602.87033742976,14991.746674560825,13436.060193318937,333.8310136882528,1140.7592470010845,9621.820938611749,29578.121609212674,47602.87033742976,14991.746674560825,13436.060193318937,0.0,0.0,0.0,5.002220859751104e-13,9.094947017729282e-13,3.0693106860351365e-13,1.3642420526593923e-13,0.1788380430472783,0.6111210251791526,5.154546931399151,15.845422290649648,25.50153768076594,8.031292861371869,7.197889389278001,55.638502281375445,190.12654116684726,1603.6368231019562,4929.6869348687815,7933.811722904963,2498.6244457601383,2239.343365553156,,,,,,,,,,,False,12.0,,,1.0,1.0,1.0,1.5580986977631137
3,Atacama,coverage_mid,10,10,93940,1342,0.014285714285714285,0.0013620908398883531,134.2,1647.266332298771,2421.4813564041015,5639.52706410834,14451.317280529283,18206.80034462297,5489.088142264543,7412.334311101104,26.138845424549213,40.62772298011887,95.38413863201781,231.57131815832068,458.2665277498271,129.12394087987752,136.0474768604949,2470.8994984481565,3632.222034606152,8459.290596162511,21676.975920793928,27310.200516934456,8233.632213396815,11118.501466651656,2470.899498448157,3632.2220346061517,8459.29059616251,21676.975920793928,27310.200516934456,8233.632213396815,11118.501466651656,0.0,0.0,0.0,9.094947017729282e-13,9.094947017729282e-13,3.8646093598745096e-13,2.2737367544323206e-13,1.323696159882941,1.9458332328247239,4.531762819372773,11.612665671853888,14.630464562643457,4.410874400034008,5.956340071420529,411.81658307469274,605.3703391010254,1409.8817660270847,3612.829320132322,4551.700086155743,1372.2720355661359,1853.083577775276,,,,,,,,,,,False,12.0,,,1.0,1.0,1.0,0.9733241954274436
4,Coquimbo,coverage_mid,15,15,274131,14348,0.052339939663883325,0.014562801319462065,956.5333333333333,1945.3915408262274,2724.7507822364937,4266.517351844234,11343.261558343078,23823.671791509474,5576.727263360888,6439.418102559376,47.368823597569445,54.48725877946839,105.20227092402304,202.8891080230699,288.15132724170576,69.06631362127989,119.35596417242488,2918.087311239341,4087.1261733547403,6399.776027766351,17014.89233751462,35735.50768726421,8365.090895041332,9659.127153839067,2918.087311239341,4087.126173354741,6399.776027766351,17014.892337514615,35735.5076872642,8365.09089504133,9659.127153839065,0.0,0.0,0.0,2.9103830456733697e-12,7.275957614183426e-12,2.04720503050753e-12,8.48861721654733e-13,1.563261059592504,2.1895318785828968,3.428451443446259,9.115120895097116,19.144021975320108,4.48129869377214,5.174532403842358,486.3478852065569,681.1876955591232,1066.6293379610588,2835.815389585772,5955.917947877374,1394.1818158402234,1609.8545256398452,,,,,,,,,,,False,12.0,,,1.0,1.0,1.0,1.3070911948712234
5,Valparaiso,coverage_mid,37,37,645498,79282,0.12282299867699048,0.08046891651865008,2142.7567567567567,1510.6478036580688,2368.890007066481,5325.5298651612775,18522.584445094246,23564.344046903996,6045.591861751908,7329.237388424963,31.846361742948712,44.94065178154815,78.36276389933204,148.9996215847863,303.7428285770788,58.135210161908844,96.61414135901525,2265.9717054871035,3553.335010599721,7988.294797741916,27783.876667641372,35346.516070355996,9068.387792627864,10993.856082637443,2265.9717054871035,3553.3350105997215,7988.294797741916,27783.876667641372,35346.516070355996,9068.387792627864,10993.856082637443,0.0,0.0,0.0,3.6379788070917e-13,1.8189894035458565e-12,5.179525009693856e-13,1.7206656520028373e-13,1.2139134136538057,1.9035723271069935,4.279443641647455,14.884219643379305,18.935633609119286,4.858064888907784,5.889565758555774,377.6619509145173,592.2225017666202,1331.38246629032,4630.646111273564,5891.086011725998,1511.3979654379773,1832.3093471062407,,,,,,,,,,,False,12.0,,,1.0,1.0,1.0,1.1352094561146218
6,O'Higgins,coverage_mid,35,35,276334,71629,0.25921167862079947,0.07270134483633596,2046.5428571428572,312.74274257170845,2281.4109636527805,4613.736673084665,12421.187206988065,17320.32824308563,4013.5151491684533,5800.590520746921,30.644511933327667,43.495879249135676,69.74468235913285,129.86800407869708,333.8267105822676,52.976878411492464,81.11446891490566,469.11411385756264,3422.116445479171,6920.605009626997,18631.780810482098,25980.492364628444,6020.272723752681,8700.885781120382,469.1141138575627,3422.116445479171,6920.605009626997,18631.7808104821,25980.492364628444,6020.2727237526815,8700.885781120382,0.0,0.0,0.0,9.094947017729282e-13,1.8189894035458565e-12,5.740052486731416e-13,2.8584119198577744e-13,0.25131113242369435,1.8332766672209848,3.7074669694430344,9.981311148472555,13.918120909622381,3.2251461020103647,4.6611888113144895,78.18568564292708,570.352740913195,1153.4341682711665,3105.2968017470157,4330.082060771409,1003.3787872921134,1450.1476301867303,,,,,,,,,,,False,12.0,,,1.0,1.0,1.0,0.8699055523871253
6,O'Higgins,redpe_mid,35,35,276334,71629,0.25921167862079947,0.07270134483633596,2046.5428571428572,312.74274257170845,2281.4109636527805,4613.736673084665,12421.187206988065,17320.32824308563,4013.5151491684533,5800.590520746921,30.644511933327667,43.495879249135676,69.74468235913285,129.86800407869708,333.8267105822676,52.976878411492464,81.11446891490566,7040.0,7040.0,7040.0,7040.0,7040.0,0.0,7040.0,625.4854851434169,4562.821927305561,7039.999999999999,7040.000000000001,7040.000000000002,1461.483552997178,6304.809665896188,0.0,0.0,9.094947017729282e-13,2477.1780726944394,6414.514514856583,1461.483552997178,735.1903341038135,0.3350815098982591,2.4443688896279796,3.7714285714285705,3.7714285714285714,3.7714285714285727,0.7829376176770595,3.3775766067301,0.0,0.0,1093.7366730846652,8901.187206988065,13800.32824308563,3683.76674340955,2648.185687798827,3.77,3.77,3.77,3.77,3.77,4.505726069544845e-16,3.7700000000000005,3.77,0.8959089142520159,-0.10409108574798409,False,12.0,,,1.0,1.0,1.0,0.8699055523871253
7,Maule,coverage_mid,57,57,350269,135357,0.3864372810611273,0.13738340522709971,2374.684210526316,1051.4293658205968,2661.921781188562,5060.467056561865,12375.28024282554,38026.351611288286,7114.677676887476,7595.370580260203,38.136753354403645,55.78452211970393,92.34106343463651,185.63827872748737,268.86443567899073,50.88285222127521,108.24741570274031,1577.144048730895,3992.8826717828424,7590.700584842798,18562.92036423831,57039.527416932426,10672.016515331214,11393.055870390304,1577.1440487308946,3992.882671782842,7590.700584842799,18562.92036423831,57039.52741693243,10672.016515331215,11393.055870390304,0.0,0.0,0.0,1.8189894035458565e-12,3.637978807091713e-12,7.805397889861405e-13,4.4676932718670157e-13,0.8448985975344079,2.1390442884550938,4.06644674188007,9.944421623699096,30.55688968764238,5.717151704641721,6.103422787709091,262.8573414551494,665.4804452971405,1265.1167641404666,3093.820060706385,9506.587902822073,1778.669419221869,1898.8426450650506,,,,,,,,,,,False,12.0,,,1.0,1.0,1.0,1.4059330092193632
7,Maule,redpe_mid,57,57,350269,135357,0.3864372810611273,0.13738340522709971,2374.684210526316,1051.4293658205968,2661.921781188562,5060.467056561865,12375.28024282554,38026.351611288286,7114.677676887476,7595.370580260203,38.136753354403645,55.78452211970393,92.34106343463651,185.63827872748737,268.86443567899073,50.88285222127521,108.24741570274031,9980.0,9980.0,9980.0,9980.0,9980.0,0.0,9980.0,2102.8587316411936,5323.843562377124,9979.999999999996,9980.000000000002,9980.000000000002,2354.056366521607,8135.403731911728,0.0,0.0,3.637978807091713e-12,4656.156437622876,7877.141268358806,2354.0563665216064,1844.5962680882728,1.126531463379211,2.8520590512734594,5.346428571428569,5.346428571428572,5.346428571428572,1.261101624922289,4.3582519992384245,0.0,0.0,70.46705656186532,7385.280242825541,33036.351611288286,6527.627432977141,3527.668714304338,5.345000000000001,5.345000000000001,5.345000000000001,5.345000000000001,5.345000000000001,0.0,5.345000000000001,5.345000000000001,0.8153885873224367,-0.1846114126775633,False,12.0,,,1.0,1.0,1.0,1.4059330092193632
8,Biobio,coverage_mid,88,88,484775,224598,0.463303594451034,0.22796041613803603,2552.25,764.381765036193,3232.0065943920386,5113.697593848965,10745.593309057507,36668.82882006177,4509.864189351742,6445.92777884587,48.27922243782761,66.67376574676922,103.24646177247787,166.0019172672916,213.7433180157456,35.837187122923915,107.4088367829423,1146.5726475542895,4848.009891588057,7670.546390773447,16118.38996358626,55003.24323009265,6764.796284027613,9668.891668268805,1146.5726475542892,4848.009891588058,7670.546390773447,16118.389963586262,55003.24323009266,6764.796284027613,9668.891668268805,0.0,0.0,0.0,9.094947017729282e-13,3.637978807091713e-12,5.799883725813989e-13,2.5062780134083534e-13,0.6142353469040834,2.597148156207888,4.1092212807714885,8.634851766206927,29.46602315897821,3.623998009300507,5.17976339371543,191.09544125904824,808.0016485980094,1278.4243984622412,2686.398327264376,9167.207205015442,1127.4660473379354,1611.4819447114676,,,,,,,,,,,False,12.0,,,1.0,1.0,1.0,0.8819184370183434
8,Biobio,redpe_mid,88,88,484775,224598,0.463303594451034,0.22796041613803603,2552.25,764.381765036193,3232.0065943920386,5113.697593848965,10745.593309057507,36668.82882006177,4509.864189351742,6445.92777884587,48.27922243782761,66.67376574676922,103.24646177247787,166.0019172672916,213.7433180157456,35.837187122923915,107.4088367829423,13334.999999999998,13334.999999999998,13334.999999999998,13334.999999999998,13334.999999999998,0.0,13334.999999999998,1528.763530072386,6464.013188784077,10227.39518769793,13335.0,13335.000000000002,3019.5768793890725,10199.023068149565,0.0,0.0,3107.604812302069,6870.986811215921,11806.236469927611,3019.5768793890725,3135.9769318504336,0.8189804625387783,3.4628642082771837,5.478961707695319,7.14375,7.143750000000002,1.617630471101289,5.4637623579372665,0.0,0.0,0.0,4078.0933090575077,30001.328820061768,3713.2938285958526,1346.4162447710876,7.145,7.145,7.145,7.145,7.145,2.6798049271410058e-15,7.144999999999997,7.145,0.7646973209149429,-0.2353026790850571,False,12.0,,,1.0,1.0,1.0,0.8819184370183434
9,Araucania,coverage_mid,65,65,283027,160179,0.5659495383832638,0.16257701091093632,2464.2923076923075,2363.4130982939437,4257.878100117166,6911.817879058356,14039.434676678795,30133.282955045852,4560.090444690745,8107.3799161262305,71.17433304442193,95.54967632884424,142.7440443227782,197.5260779793752,237.78063904486663,37.213592213027745,144.00936589934574,3545.1196474409153,6386.817150175749,10367.726818587535,21059.15201501819,45199.924432568776,6840.135667036118,12161.069874189347,3545.1196474409153,6386.81715017575,10367.726818587535,21059.15201501819,45199.924432568776,6840.1356670361165,12161.069874189347,0.0,0.0,0.0,1.8189894035458565e-12,7.275957614183426e-12,1.3616159827505823e-12,6.436424043316108e-13,1.8991712397004905,3.4215091875941517,5.554139367100466,11.28168857947403,24.214245231733276,3.6643583930550627,6.514858861172864,590.8532745734857,1064.469525029291,1727.9544697645897,3509.858669169699,7533.3207387614675,1140.0226111726868,2026.8449790315576,,,,,,,,,,,True,12.0,1015.2865739397402,1.0,1.1,1.08,1.2,0.6597526908958425
9,Araucania,redpe_mid,65,65,283027,160179,0.5659495383832638,0.16257701091093632,2464.2923076923075,2363.4130982939437,4257.878100117166,6911.817879058356,14039.434676678795,30133.282955045852,4560.090444690745,8107.3799161262305,71.17433304442193,95.54967632884424,142.7440443227782,197.5260779793752,237.78063904486663,37.213592213027745,144.00936589934574,20640.0,20640.0,20640.0,20640.0,20640.0,0.0,20640.0,4726.826196587887,8515.756200234331,13823.635758116712,20640.0,20640.000000000004,4467.741408837923,14315.790622220311,0.0,1.4551915228366865e-12,6816.364241883288,12124.243799765669,15913.173803412112,4467.741408837923,6324.209377779691,2.532228319600654,4.562012250125536,7.405519156133954,11.057142857142857,11.057142857142859,2.3934328975917447,7.669173547618024,0.0,0.0,0.0,3719.434676678794,19813.282955045855,3115.394524422231,949.4846050160762,11.055,11.055,11.055,11.055,11.055,0.0,11.055,11.055,0.6937289504855743,-0.30627104951442574,True,12.0,1015.2865739397402,1.0,1.1,1.08,1.2,0.6597526908958425
10,Los Lagos,coverage_mid,52,52,190634,120683,0.633061258747128,0.12248972342045167,2320.826923076923,2430.305253488399,4693.361422863814,8073.972759308099,13780.640060135496,18058.363911026943,3850.9774887979997,8709.71888606091,65.68392576995673,81.77871466047606,124.21680305178961,224.82400836321725,277.1964362781743,53.53025598939157,139.82984793363724,3645.4578802325987,7040.042134295721,12110.95913896215,20670.960090203247,27087.545866540415,5776.466233196999,13064.578329091364,3645.4578802325987,7040.04213429572,12110.95913896215,20670.960090203247,27087.54586654041,5776.466233196999,13064.578329091364,0.0,0.0,0.0,1.8189894035458565e-12,3.637978807091713e-12,1.0978221081695611e-12,5.596890472448789e-13,1.9529238644103208,3.771451143372707,6.488013824444009,11.073728619751739,14.511185285646649,3.0945354820698214,6.998881247727515,607.5763133720998,1173.3403557159543,2018.4931898270247,3445.160015033873,4514.590977756736,962.7443721995,2177.4297215152274,,,,,,,,,,,True,12.0,1303.2639641264511,1.2836414836741485,1.1563290434327071,1.135304879006658,1.3095936373291381,0.47696191250563624
10,Los Lagos,redpe_mid,52,52,190634,120683,0.633061258747128,0.12248972342045167,2320.826923076923,2430.305253488399,4693.361422863814,8073.972759308099,13780.640060135496,18058.363911026943,3850.9774887979997,8709.71888606091,65.68392576995673,81.77871466047606,124.21680305178961,224.82400836321725,277.1964362781743,53.53025598939157,139.82984793363724,30045.0,30045.0,30045.0,30045.0,30045.0,0.0,30045.0,4860.610506976798,9386.722845727629,16147.945518616198,27561.280120270992,30045.0,7041.249071492865,17110.793045984065,0.0,2483.719879729007,13897.054481383802,20658.277154272368,25184.3894930232,7041.249071492865,12934.206954015935,2.6038984858804275,5.028601524496944,8.650685099258677,14.764971493002317,16.095535714285713,3.772097716871177,9.16649627463432,0.0,0.0,0.0,0.0,3035.8639110269432,632.4991131137688,154.322363068876,16.1,16.1,16.1,16.1,16.1,0.0,16.1,16.1,0.5693475946977837,-0.43065240530221627,True,12.0,1303.2639641264511,1.2836414836741485,1.1563290434327071,1.135304879006658,1.3095936373291381,0.47696191250563624
11,Aysen,coverage_mid,17,17,27888,20143,0.7222819850831899,0.020444557218979954,1184.8823529411766,5749.452627970315,9415.156432683967,13026.656279954717,18336.8558467807,26708.005321336805,4889.877318905795,13441.765157024209,130.6645600689787,201.5114469220997,375.3332253843099,458.03752162251794,507.93446555397855,107.11159089015344,353.88755450139246,8624.178941955473,14122.73464902595,19539.984419932076,27505.283770171052,40062.007982005205,7334.815978358692,20162.647735536306,8624.178941955473,14122.73464902595,19539.984419932076,27505.283770171052,40062.0079820052,7334.81597835869,20162.647735536306,0.0,0.0,0.0,1.8189894035458565e-12,7.275957614183426e-12,1.8256646164500717e-12,7.489956367541762e-13,4.620095861761861,7.565750704835331,10.467848796392182,14.73497344830592,21.46178999035993,3.929365702692156,10.801418429751594,1437.3631569925783,2353.7891081709913,3256.6640699886793,4584.2139616951745,6677.001330334206,1222.4693297264494,3360.441289256052,,,,,,,,,,,True,12.0,3079.6306340432943,3.0332624434232676,1.3733292902010659,1.3483596667428646,1.7694966379339554,0.375374709658248
11,Aysen,redpe_mid,17,17,27888,20143,0.7222819850831899,0.020444557218979954,1184.8823529411766,5749.452627970315,9415.156432683967,13026.656279954717,18336.8558467807,26708.005321336805,4889.877318905795,13441.765157024209,130.6645600689787,201.5114469220997,375.3332253843099,458.03752162251794,507.93446555397855,107.11159089015344,353.88755450139246,46410.0,46410.0,46410.0,46410.0,46410.0,0.0,46410.0,11498.90525594063,18830.312865367934,26053.312559909435,36673.7116935614,46409.99999999999,8677.272085068309,26471.412040949963,7.275957614183426e-12,9736.288306438595,20356.687440090565,27579.687134632066,34911.09474405937,8677.272085068309,19938.587959050037,6.160127815682481,10.087667606447107,13.957131728522912,19.646631264407898,24.862499999999994,4.64853861700088,14.181113593366051,0.0,0.0,0.0,0.0,3503.0053213368083,849.6035851160232,206.059136549224,24.865,24.865,24.865,24.865,24.865,0.0,24.865,24.865,0.5703242949272492,-0.42967570507275077,True,12.0,3079.6306340432943,3.0332624434232676,1.3733292902010659,1.3483596667428646,1.7694966379339554,0.375374709658248
12,Magallanes,coverage_mid,11,11,50171,1384,0.027585657052879152,0.0014047196143110886,125.81818181818181,13983.517303623217,17810.29557955329,25193.72219400996,35853.08398132406,66750.02316396282,14219.63682298762,27525.57575794676,171.15390554862262,210.90049400778858,270.06057672462646,333.2808858671857,399.5290658178062,64.45039600014697,280.6540717648357,20975.275955434827,26715.443369329936,37790.58329101494,53779.62597198609,100125.03474594423,21329.45523448143,41288.363636920134,20975.27595543483,26715.44336932993,37790.58329101494,53779.62597198608,100125.03474594423,21329.45523448143,41288.363636920134,0.0,0.0,0.0,7.275957614183426e-12,7.275957614183426e-12,3.3985951922434742e-12,1.9843520765954796e-12,11.236754976125802,14.311844662141032,20.24495533447229,28.810513913563966,53.63841147104154,11.426493875615048,22.118766234064353,3495.879325905802,4452.573894888323,6298.430548502492,8963.270995331015,16687.505790990705,3554.909205746905,6881.39393948669,,,,,,,,,,,True,12.0,3212.0945021588504,3.1637318808369237,1.3849452954002677,1.3597644718475355,1.7957717319960935,0.5644119083907526
12,Magallanes,redpe_mid,11,11,50171,1384,0.027585657052879152,0.0014047196143110886,125.81818181818181,13983.517303623217,17810.29557955329,25193.72219400996,35853.08398132406,66750.02316396282,14219.63682298762,27525.57575794676,171.15390554862262,210.90049400778858,270.06057672462646,333.2808858671857,399.5290658178062,64.45039600014697,280.6540717648357,43580.0,43580.0,43580.0,43580.0,43580.0,0.0,43580.0,27967.034607246434,35620.59115910658,43580.0,43580.0,43580.0,5132.85275118548,40834.97975085618,0.0,0.0,0.0,7959.4088408934185,15612.965392753566,5132.85275118548,2745.0202491438145,14.982339968167734,19.082459549521385,23.34642857142857,23.34642857142857,23.34642857142857,2.7497425452779347,21.87588200938724,0.0,0.0,3403.7221940099616,14063.083981324058,44960.02316396281,13196.533764142143,7108.085882518664,23.345,23.345,23.345,23.345,23.345,3.7261175413410954e-15,23.344999999999995,23.345,0.9370692657694256,-0.06293073423057438,True,12.0,3212.0945021588504,3.1637318808369237,1.3849452954002677,1.3597644718475355,1.7957717319960935,0.5644119083907526
13,RM,coverage_mid,20,23,2378702,28987,0.01218605777436602,0.02942095914742451,1449.35,1298.8640505972378,2804.8156866147524,4251.033423035382,10628.40812244336,95930.7150239875,20574.29273797851,8885.197744244637,49.349198215494255,57.92487349350856,73.0127394971156,103.66351832573083,236.86596302219138,41.00534349014293,79.82972142824885,1948.2960758958566,4207.223529922129,6376.550134553072,15942.61218366504,143896.07253598125,30861.439106967762,13327.796616366953,1948.2960758958566,4207.22352992213,6376.550134553072,15942.612183665038,143896.07253598125,30861.439106967762,13327.79661636695,0.0,0.0,0.0,1.8189894035458565e-12,1.8189894035458565e-12,6.904471361087857e-13,3.5588923112853715e-13,1.0437300406584946,2.2538697481725696,3.416009000653432,8.540685098391986,77.08718171570423,16.532913807304155,7.139891044482295,324.71601264930945,701.2039216536879,1062.758355758845,2657.102030610841,23982.678755996876,5143.573184494628,2221.2994360611597,,,,,,,,,,,False,12.0,,,1.0,1.0,1.0,4.8398332100827774
13,RM,redpe_mid,20,23,2378702,28987,0.01218605777436602,0.02942095914742451,1449.35,1298.8640505972378,2804.8156866147524,4251.033423035382,10628.40812244336,95930.7150239875,20574.29273797851,8885.197744244637,49.349198215494255,57.92487349350856,73.0127394971156,103.66351832573083,236.86596302219138,41.00534349014293,79.82972142824885,5225.0,5225.0,5225.0,5225.0,5225.0,0.0,5225.0,2597.7281011944756,5171.280794349344,5225.0,5225.000000000001,5225.000000000001,593.4041548824548,5087.414610638606,0.0,0.0,0.0,53.71920565065624,2627.2718988055244,593.4041548824547,137.5853893613942,1.391640054211326,2.7703289969728626,2.799107142857143,2.7991071428571432,2.7991071428571432,0.3178950829727436,2.725400684270682,0.0,219.1752894400795,1638.533423035381,8015.908122443359,93318.2150239875,20542.88910774617,6341.490438925334,2.795,2.795,2.795,2.795,2.795,4.556259157007654e-16,2.795,2.795,0.9750986348016751,-0.024901365198324865,False,12.0,,,1.0,1.0,1.0,4.8398332100827774
14,Los Rios,coverage_mid,33,33,97794,67772,0.6930077509867681,0.06878660238518143,2053.6969696969695,3238.8192693931783,4562.667808585652,8134.042613643426,19880.675727864666,47277.534052963696,8244.094044782649,10462.810035132215,53.98032115655297,83.29305700375613,148.04577443516988,214.5240741977318,290.50152191583663,52.641843017311054,151.74028281555516,4858.228904089768,6844.0017128784775,12201.06392046514,29821.013591796996,70916.30107944555,12366.141067173972,15694.215052698322,4858.228904089768,6844.001712878478,12201.063920465142,29821.013591797,70916.30107944555,12366.141067173972,15694.215052698322,0.0,0.0,0.0,1.8189894035458565e-12,3.637978807091713e-12,1.1250942173870663e-12,6.338902466902228e-13,2.602622627190947,3.6664294890420415,6.536284243106327,15.975542995605537,37.9908755782744,6.6247184288432,8.407615206802673,809.7048173482941,1140.666952146413,2033.5106534108572,4970.168931966165,11819.383513240924,2061.0235111956617,2615.702508783054,,,,,,,,,,,True,12.0,1106.6182659429655,1.0899565643312112,1.1191145016205086,1.0987669652274084,1.2367287674624154,1.0135297337826372
14,Los Rios,redpe_mid,33,33,97794,67772,0.6930077509867681,0.06878660238518143,2053.6969696969695,3238.8192693931783,4562.667808585652,8134.042613643426,19880.675727864666,47277.534052963696,8244.094044782649,10462.810035132215,53.98032115655297,83.29305700375613,148.04577443516988,214.5240741977318,290.50152191583663,52.641843017311054,151.74028281555516,26430.0,26430.0,26430.0,26430.0,26430.0,0.0,26430.0,6477.638538786357,9125.335617171304,16268.085227286852,26430.0,26430.000000000004,6632.301542061798,17079.537219635316,0.0,0.0,10161.914772713148,17304.664382828698,19952.361461213644,6632.301542061797,9350.462780364685,3.470163502921262,4.888572652056056,8.7150456574751,14.158928571428572,14.158928571428572,3.553018683247391,9.14975208194749,0.0,0.0,0.0,6665.675727864665,34062.5340529637,6198.789150571502,1923.041425314558,14.16,14.16,14.16,14.16,14.16,0.0,14.16,14.16,0.6461689323409244,-0.35383106765907557,True,12.0,1106.6182659429655,1.0899565643312112,1.1191145016205086,1.0987669652274084,1.2367287674624154,1.0135297337826372
15,Arica y Parinacota,coverage_mid,10,10,64076,122,0.0019039890130470066,0.0001238264399898503,12.2,819.4778627252233,2634.5076280423527,6583.1780693494575,11064.03937202496,27056.809232545045,7357.246819045587,7599.259366841057,25.60868321016323,28.086466738714627,179.5837683991897,228.48120361988336,246.18802430359912,81.14694039792285,148.99583044046844,1229.2167940878348,3951.761442063529,9874.767104024186,16596.05905803744,40585.21384881757,11035.87022856838,11398.889050261587,1229.2167940878348,3951.761442063529,9874.767104024186,16596.05905803744,40585.21384881757,11035.87022856838,11398.889050261587,0.0,0.0,0.0,1.0004441719502207e-12,1.8189894035458565e-12,6.138621372070273e-13,2.7284841053187846e-13,0.6585089968327688,2.1170150582483194,5.290053805727242,8.890745923948629,21.742078847580835,5.9120733367330605,6.106547705497278,204.86946568130588,658.6269070105875,1645.7945173373641,2766.00984300624,6764.20230813626,1839.3117047613966,1899.8148417102643,,,,,,,,,,,False,12.0,,,1.0,1.0,1.0,1.117582836365935
16,Nuble,coverage_mid,30,30,126745,58288,0.4598840190934554,0.05916061913219995,1942.9333333333334,2069.7351725529766,3297.4512644356287,4958.457326733368,10337.250806960406,29642.234394265008,5241.059834453102,6526.460467033688,49.56480581690195,61.49531162240171,84.50509523610128,162.5803563588692,184.67703773101388,37.65314168759805,96.92655827116803,3104.6027588294646,4946.176896653443,7437.685990100052,15505.87621044061,44463.35159139751,7861.589751679652,9789.69070055053,3104.602758829464,4946.176896653444,7437.685990100053,15505.87621044061,44463.35159139752,7861.589751679654,9789.69070055053,0.0,0.0,0.0,1.8189894035458565e-12,3.637978807091713e-12,8.485162972688161e-13,4.395891058569153e-13,1.6631800493729272,2.649737623207202,3.9844746375535993,8.306719398450326,23.819652638248673,4.211565938399815,5.244477161009215,517.4337931382446,824.362816108907,1239.6143316833422,2584.312701740102,7410.558598566248,1310.264958613275,1631.615116758422,,,,,,,,,,,False,12.0,,,1.0,1.0,1.0,1.0569940384877552
